NAME,LOGO,PJ TYPE,TAGS,X,WEB,BANNER,INFO,ONLY on Monad,🟥 = sus / website link broken / dead pjs
0x,https://cdn.prod.website-files.com/669ade140a683001b9f7fd78/67b9106b6ca74a7001624998_0x_logo.webp,Infra,"Dev,Tooling",https://x.com/0xProject,https://0x.org/,https://cdn.prod.website-files.com/669ade140a683001b9f7fd78/67b910681d1e917a4b1a10d9_0x_banner.webp,"0x allows you to embed swaps in any onchain app. Tap into aggregated liquidity from 130+ sources, best prices &amp; optimal trade execution.",No,
AUSD,https://cdn.prod.website-files.com/669ade140a683001b9f7fd78/67c620f4a0bab10af98e0508_ausd.webp,App/Infra,DeFi,https://x.com/withAUSD,https://agora.finance,https://cdn.prod.website-files.com/669ade140a683001b9f7fd78/67c620f148f4cde61d6cf7fb_ausd%20(1).webp,"Agora is a stablecoin issuer of AUSD, backed 1:1 by cash and cash equivalent reserves managed by VanEck and custodied by State Street.",No,
AZEx,https://cdn.prod.website-files.com/669ade140a683001b9f7fd78/67e316cec7faf77a521ebdc3_AZEX-icon-wht-background-300x300.webp,App,DeFi,https://x.com/azex_io,https://azex.io/home,https://cdn.prod.website-files.com/669ade140a683001b9f7fd78/67e316c93c4aa7bb9abb6b5c_azex%20banner.webp,Your A-Z DeFi Hub in One Click. Trade any asset as margin with 100x leverage. Multi-Chain Protocol. AI-Powered Copytrading.,No,
Aarna,https://cdn.prod.website-files.com/669ade140a683001b9f7fd78/6834a164fae7947828580000_Twitter-Logo.webp,App,DeFi,https://x.com/aarnasays,https://www.aarna.ai/,https://cdn.prod.website-files.com/669ade140a683001b9f7fd78/6834a164fae794782857fffd_1500x500-2-.webp,"Next-generation DeFi asset management platform via crypto structured products, merging AI and tokenization.",No,
Accountable,https://cdn.prod.website-files.com/669ade140a683001b9f7fd78/68a7302c461b97699ee0f421_Profile%20Pic%20(7)%20(1).webp,App,DeFi,https://x.com/AccountableData,https://yield.accountable.capital/,https://cdn.prod.website-files.com/669ade140a683001b9f7fd78/68a730300920180531983ce9_x_cover_business%20(1).webp,"YieldApp is the first yield marketplace backed by live, cryptographically verifiable data users can trust.",Yes,
Across Protocol,https://cdn.prod.website-files.com/669ade140a683001b9f7fd78/68e035994e3c2ccadb2a907a_X-Logo.webp,Infra,Cross-Chain,https://x.com/AcrossProtocol,https://across.to/,https://cdn.prod.website-files.com/669ade140a683001b9f7fd78/68e035994e3c2ccadb2a907d_X-Banner-1500x500-.webp,"Across is the first intent-based crosschain bridge protocol. It's fast, cheap, and secure. Powering $30B+ in volume for 4M+ users.",No,
Acurast,https://cdn.prod.website-files.com/669ade140a683001b9f7fd78/67b910bc10f685d8b1690a43_Acurast_logo.webp,App/Infra,DePIN,https://x.com/Acurast,https://acurast.com/,https://cdn.prod.website-files.com/669ade140a683001b9f7fd78/67b910bace65acecef527de2_Acurast_banner.webp,"Confidential AI, hyper-personalized agents, and privacy-focused computation using thousands of smartphones worldwide.",No,
AethonSwap,https://cdn.prod.website-files.com/669ade140a683001b9f7fd78/68e0395d301c8d49539f8fed_AethonSwap-icon-Twitter-1-2-.webp,App,DeFi,https://x.com/AethonSwap,https://www.aethonswap.com/,https://cdn.prod.website-files.com/669ade140a683001b9f7fd78/68e0395d301c8d49539f8ff5_aethonswap-twitter-banner-3-1-.webp,"AethonSwap is a CLAMM V4 DEX combining next-gen tech with intelligent design, for low-slippage trading &amp; efficient liquidity management",Yes,
Alchemy,https://cdn.prod.website-files.com/669ade140a683001b9f7fd78/67b910dc1f770571ff122b0c_Alchemy_logo.webp,Infra,"Dev,Tooling",https://x.com/Alchemy,https://alchemy.com,https://cdn.prod.website-files.com/669ade140a683001b9f7fd78/67b910df442716854f1f207e_Alchemy_banner.webp,"Alchemy's end-to-end platform gives devs everything to build and scale web3 apps - from APIs to monitoring, across multiple chains.",No,
AllDomains,https://cdn.prod.website-files.com/669ade140a683001b9f7fd78/67e316a9407f35c90acd3348_LoFnPgJa_400x400.webp,Infra,Identity,https://x.com/alldomains,https://monad.alldomains.id/,https://cdn.prod.website-files.com/669ade140a683001b9f7fd78/67e316a9407f35c90acd334b_1500x500-2-.webp,AllDomains: the web3 identity asset layer to create and trade web3 domains | Customizable for everyone.,No,
Allium,https://cdn.prod.website-files.com/669ade140a683001b9f7fd78/67b910eaea5cc3512a8a1b8f_Allium_logo.webp,Infra,Analytics,https://x.com/AlliumLabs,https://www.allium.so/,https://cdn.prod.website-files.com/669ade140a683001b9f7fd78/67b910ed033e2b1def73adaa_Allium_banner.webp,"Allium delivers blockchain data for analytics, applications, and accounting use cases via dashboards, APIs, datashares, and data streams.",No,
Ambient,https://cdn.prod.website-files.com/669ade140a683001b9f7fd78/67b910fa442716854f1f3390_Ambient_logo.webp,App,DeFi,https://x.com/ambient_finance,https://monad.ambient.finance,https://cdn.prod.website-files.com/669ade140a683001b9f7fd78/67b910f8442716854f1f312c_Ambient_banner.webp,"Spot AMM with combining multiple liquidity types with modular hooks, dynamic fees and MEV protection.",No,
Ambire Wallet,https://cdn.prod.website-files.com/669ade140a683001b9f7fd78/67f6640db8ed2eac26fe4faa_DAyumIRU_400x400.webp,Infra,Wallet,https://x.com/ambirewallet,https://www.ambire.com,https://cdn.prod.website-files.com/669ade140a683001b9f7fd78/67d3a0a7984211865e3ea8ec_Change-X-Hero-Image-Issue-1537.webp,"Еasy and secure self-custody for smart accounts, EOAs, and hardware wallets. EIP-7702 ready wallet.",No,
Amertis,https://cdn.prod.website-files.com/669ade140a683001b9f7fd78/67cb75a41f9084980878c240_amertis_logo.webp,App,DeFi,https://x.com/AmertisExchange,https://amertis.exchange/,https://cdn.prod.website-files.com/669ade140a683001b9f7fd78/67cb75a41f9084980878c243_amertis_banner.webp,"Connecting users to deep liquidity across multiple sources, ensuring the best rates, minimal slippage, and an optimised DeFi experience.",Yes,
Ammalgam,https://cdn.prod.website-files.com/669ade140a683001b9f7fd78/67b911051d1e917a4b1ab9b8_Ammalgam_logo.webp,App,DeFi,https://x.com/Ammalgam,https://alpha.ammalgam.xyz/,https://cdn.prod.website-files.com/669ade140a683001b9f7fd78/67b91108f6be2d85fbd272a3_Ammalgam_banner.webp,Ammalgam is a new primitive that combines lending and trading into one protocol called a Decentralized Lending Exchange.,No,
ApeBond,https://cdn.prod.website-files.com/669ade140a683001b9f7fd78/67eff2c5822ee4e28e47f43b_logo.webp,App,DeFi,https://x.com/apebond,https://ape.bond,https://cdn.prod.website-files.com/669ade140a683001b9f7fd78/67eff2c5822ee4e28e47f441_banner.webp,"The #1 Bonding Protocol in DeFi, with $20M+ bonded and 80k+ bonds sold, transforming how projects raise funds and secure liquidity.",No,
Apriori,https://cdn.prod.website-files.com/669ade140a683001b9f7fd78/67b91139ebe3a25cc1bbc74f_Apriori_logo.webp,App,DeFi,https://x.com/apriori,http://testnet-staking.apr.io,https://cdn.prod.website-files.com/669ade140a683001b9f7fd78/67b911371d1e917a4b1ad43f_Apriori_banner.webp,"aPriori is an MEV infrastructure and liquid staking protocol, designed for the parallel execution era and natively built on Monad.",Yes,Sus
Atlantis,https://cdn.prod.website-files.com/669ade140a683001b9f7fd78/67d3a0a71b288e2e961f005f_400x400.webp,App,DeFi,https://x.com/atlantisdex_xyz,https://atlantisdex.xyz,https://cdn.prod.website-files.com/669ade140a683001b9f7fd78/67d3a0a71b288e2e961f005c_1500x500.webp,"Modular V4 DEX offering cross-chain swaps, DeFAI, a launchpad, farming, staking, fiat on-ramp, &amp; more.",Yes,
Atomic Wallet,https://cdn.prod.website-files.com/669ade140a683001b9f7fd78/6806075774f1032f79627b16_c5FE7avh_400x400.webp,Infra,Wallet,https://x.com/atomicwallet,https://atomicwallet.io/,https://cdn.prod.website-files.com/669ade140a683001b9f7fd78/6853207f608eafe16f68161b_atomic%20banner.webp,"Manage, exchange, and stake 1000+ assets securely on desktop &amp; mobile.",No,
Azaar,https://cdn.prod.website-files.com/669ade140a683001b9f7fd78/67b91170f43c1f7d17690959_Azaar_logo.webp,App,DeFi,https://x.com/AzaarExchange,https://azaar.com/,https://cdn.prod.website-files.com/669ade140a683001b9f7fd78/67b91173b0307a90b7b1b0c4_Azaar_banner.webp,Azaar is a high-performance DEX aggregator and trading platform built for Monad.,No,
Backpack Wallet,https://cdn.prod.website-files.com/669ade140a683001b9f7fd78/67b91182d6f6cc072b1dbb7e_Backpack%20Wallet_logo.webp,Infra,Wallet,https://x.com/Backpack,https://backpack.app/,https://cdn.prod.website-files.com/669ade140a683001b9f7fd78/67b91180f43c1f7d1769200f_Backpack%20Wallet_banner.webp,"Backpack is a next-level wallet and exchange. Buy tokens, trade futures, and explore on-chain apps—seamlessly and securely. 🎒",No,
Balancer,https://cdn.prod.website-files.com/669ade140a683001b9f7fd78/67b91e5302389168368b4f29_Balancer%20logo.webp,App,DeFi,https://x.com/Balancer,https://balancer.fi/,https://cdn.prod.website-files.com/669ade140a683001b9f7fd78/67b91e60ab78b729a9289a4c_Balancer%20Banner.webp,Balancer is a decentralized automated market maker (AMM) protocol built on Ethereum.,No,
Band Protocol,https://cdn.prod.website-files.com/669ade140a683001b9f7fd78/67e317a398baf3c13c00aa31_band-token-blue-1-logo.webp,Infra,Oracle,https://x.com/BandProtocol,https://www.bandprotocol.com/,https://cdn.prod.website-files.com/669ade140a683001b9f7fd78/67e317a6a79803c3bc66316e_band%20brotocol%20banner.webp,Band Protocol is a cross-chain data oracle platform that aggregates and connects real-world data and APIs to smart contracts.,No,
Bean Exchange,https://cdn.prod.website-files.com/669ade140a683001b9f7fd78/67b9118b1f770571ff12b289_Bean%20Exchange_logo.webp,App,DeFi,https://x.com/Bean_DEX,https://bean.exchange/,https://cdn.prod.website-files.com/669ade140a683001b9f7fd78/67b9118e5481bdf7e82958ac_Bean%20Exchange_banner.webp,Bean Exchange is a gamified decentralized spot &amp; perpetual exchange natively built on Monad Network.,Yes,
Bebop,https://cdn.prod.website-files.com/669ade140a683001b9f7fd78/67b9119cddf104de2b1e6e20_Bebop_logo.webp,App,DeFi,https://x.com/bebop_dex/,https://bebop.xyz/,https://cdn.prod.website-files.com/669ade140a683001b9f7fd78/67b9119a8b0b0587034738d1_Bebop_banner.webp,Seamless and efficient crypto trading for everyone. Web3 trading app and API that finds the best route for all your trades.,No,
Biconomy,https://cdn.prod.website-files.com/669ade140a683001b9f7fd78/67b911a9dec63edfce3e07fb_Biconomy_logo.webp,Infra,"Account,Abstraction",https://x.com/biconomy,http://biconomy.io,https://cdn.prod.website-files.com/669ade140a683001b9f7fd78/67b911ab033e2b1def743657_Biconomy_banner.webp,"Biconomy helps devs build user-friendly dApps with modular tools. Our stack powers 300+ dApps &amp; 50M+ transactions, accelerating adoption.",No,
Bima,https://cdn.prod.website-files.com/669ade140a683001b9f7fd78/67b911b7f19afa8887c82193_Bima_logo.webp,App,DeFi,https://x.com/bimabtc,https://bima.money/,https://cdn.prod.website-files.com/669ade140a683001b9f7fd78/67b911b4032221af82c42e0a_Bima_banner.webp,"BIMA is a DeFi platform that lets you earn yield on your BTC across multiple chains by using USBD, a Bitcoin-backed stablecoin.",No,
Birdeye,https://cdn.prod.website-files.com/669ade140a683001b9f7fd78/68f69b4da7d3625a521dd18a_Group-17.webp,App,DeFi,https://x.com/birdeye_so,https://birdeye.so/,https://cdn.prod.website-files.com/669ade140a683001b9f7fd78/68f69b4da7d3625a521dd18f_BSO-x-Banner.webp,"The all-in-one trading data tool for alpha traders: real-time charts, smart money flows, gems &amp; historical data across 300+ exchanges.",No,
Birdeye Data Services,https://cdn.prod.website-files.com/669ade140a683001b9f7fd78/68f69b4d2971afdf6a18ab24_Group-18.webp,Infra,Indexer,https://x.com/birdeye_data,https://bds.birdeye.so/,https://cdn.prod.website-files.com/669ade140a683001b9f7fd78/68f69b4d2971afdf6a18ab28_BDS-x-Banner.webp,"High-performance onchain data provider with real-time, accurate data across tokens, wallets &amp; protocols.",No,
Bitget Wallet,https://cdn.prod.website-files.com/669ade140a683001b9f7fd78/67b911c2bfbd83279f12cf05_Bitget%20Wallet_logo.webp,Infra,Wallet,https://x.com/BitgetWallet,https://web3.bitget.com,https://cdn.prod.website-files.com/669ade140a683001b9f7fd78/67b911c0033e2b1def74443d_Bitget%20Wallet_banner.webp,Bitget Wallet is a non-custodial wallet with advanced multi-chain capabilities and a powerful swap function.,No,
Blazpay,https://cdn.prod.website-files.com/669ade140a683001b9f7fd78/67b911d4f6be2d85fbd30525_Blazpay_logo.webp,App,DeFi,https://x.com/blazpaylabs,https://blazpay.com,https://cdn.prod.website-files.com/669ade140a683001b9f7fd78/67b911d2de4da514b324986f_Blazpay_banner.webp,Blazpay AI: Simplifying Crypto | 1.2M+ Users | AI-Swap | Portfolio | Alerts | Cross-Chain | Gamified Learning | Multi-Platform,No,
BlockStreet,https://cdn.prod.website-files.com/669ade140a683001b9f7fd78/68b20be38a9f4a238e4ca802_monad-logo-400_400.webp,Infra,"Other,Infra",https://x.com/blockst_hq,https://blockstreet.money/,https://cdn.prod.website-files.com/669ade140a683001b9f7fd78/68b20be38a9f4a238e4ca7ef_monad-bg-1500_500.webp,"Unified liquidity layer for tokenized equities - delivering secure settlement, deep liquidity, and institutional-grade efficiency.",No,
BlockVision,https://cdn.prod.website-files.com/669ade140a683001b9f7fd78/67b911e5ebe3a25cc1bc45a5_BlockVision_logo.webp,Infra,Indexer,https://x.com/blockvisionhq,https://blockvision.org/,https://cdn.prod.website-files.com/669ade140a683001b9f7fd78/67b911e2de4da514b324a0d5_BlockVision_banner.webp,"BlockVision provides blockchain infrastructure services, offering APIs, RPC services to empower developers and users alike.",No,
Blockdaemon,https://cdn.prod.website-files.com/669ade140a683001b9f7fd78/67b911f1b0307a90b7b20ade_Blockdaemon_logo.webp,Infra,RPC,https://x.com/BlockdaemonHQ,https://www.blockdaemon.com/,https://cdn.prod.website-files.com/669ade140a683001b9f7fd78/67b911ee033e2b1def746334_Blockdaemon_banner.webp,"Blockdaemon provides enterprise-grade web3 infrastructure, including dedicated nodes, APIs, staking, liquid staking, MPC wallets, and more.",No,
Blocklive,https://cdn.prod.website-files.com/669ade140a683001b9f7fd78/67b911fd7f3041834a53238c_Blocklive_logo.webp,App,NFT,https://x.com/blocklive_/,https://blocklive.io,https://cdn.prod.website-files.com/669ade140a683001b9f7fd78/67b911ffebe3a25cc1bc5a93_Blocklive_banner.webp,"Blocklive is a platform for end-to-end onchain event management and ticketing, using proof of history to target and reward fans.",No,
Breath of Estova,https://cdn.prod.website-files.com/669ade140a683001b9f7fd78/687816c09a34ff481b1be028_estova%20logo%20_400x400.webp,App,Gaming,https://x.com/BreathOfEstova,https://www.breathofestova.com/,https://cdn.prod.website-files.com/669ade140a683001b9f7fd78/687816be44e9942c1c1ef114_estova%20background%201500x500%20(1).webp,Breath of Estova is a play-to-earn 2D action-based MMORPG where classic nostalgia meets a vast open world.,Yes,
Buzzing App,https://cdn.prod.website-files.com/669ade140a683001b9f7fd78/6878174f5c502efdbed88f8b_buzzing%20qbn4VqZ0_400x400.webp,App,"Prediction,Market",https://x.com/BuzzingApp,https://www.buzzing.app/,https://cdn.prod.website-files.com/669ade140a683001b9f7fd78/687817535bd84bf1c05d423e_buzzing%201500x500%20(1).webp,Buzzing Club is an app where users trade opinions on trending topics.,Yes,
Bybit Web3 Wallet,https://cdn.prod.website-files.com/669ade140a683001b9f7fd78/67b912533b92e175eb004a8c_Bybit%20Web3%20Wallet_logo.webp,Infra,Wallet,https://x.com/Bybit_Web3,https://www.bybit.com/en/web3,https://cdn.prod.website-files.com/669ade140a683001b9f7fd78/67b91252b76bbf068dcd1c8c_Bybit%20Web3%20Wallet_banner.webp,"Bybit Web3 is your gateway to Web3. Explore DeFi offerings, and trade thousands of tokens across various networks.",No,
CPLX,https://cdn.prod.website-files.com/669ade140a683001b9f7fd78/6883e31a7a1418a2a81fc351_x_logo_4.webp,App,DeFi,https://x.com/cplx_io,https://cplx.io,https://cdn.prod.website-files.com/669ade140a683001b9f7fd78/6883e31a7a1418a2a81fc34e_x_banner_3.webp,Institutional-grade DeFi derivatives exchange. Unified liquidity pools &amp; pioneering RWA products. Built by TradFi exchange pioneers.,No,
CULT,https://cdn.prod.website-files.com/669ade140a683001b9f7fd78/688e9f8173066eb8c97da18d_cult%20logo%20.webp,App,Social,https://x.com/cultdottrade,https://www.cult.trade/,https://cdn.prod.website-files.com/669ade140a683001b9f7fd78/688e9f87183ff7b96a8a5684_cult%20banner.webp,"Cult is where culture meets crypto. A new reputation system rewards loyalty for holders, tokens, and creators alike.",Yes,
Caddy Finance,https://cdn.prod.website-files.com/669ade140a683001b9f7fd78/67b9125febe3a25cc1bc990d_Caddy%20Finance_logo.webp,App,DeFi,https://x.com/caddyfi,https://caddy.finance/,https://cdn.prod.website-files.com/669ade140a683001b9f7fd78/6875a11225c65482825c4f2b_caddyfinancebanner.webp,"Building Bitcoin yield vaults for retail, aggregated retail liquidity for institutional yields.",No,
Capa,https://cdn.prod.website-files.com/669ade140a683001b9f7fd78/68bb689f48ab3c3dcc9c43ff_capa%20logo.webp,Infra,Onramp,https://x.com/capa_fi,https://capa.fi/,https://cdn.prod.website-files.com/669ade140a683001b9f7fd78/68bb68aee3866caf6b346c04_capa%20background.webp,"Capa connects LATAM to global finance. It simplifies global payments, enabling companies to move money across borders via stablecoins.",No,
Castora,https://cdn.prod.website-files.com/669ade140a683001b9f7fd78/67b9127fa1ed529049cc5f52_Castora_logo.webp,App,"Prediction,Market",https://x.com/Castora_xyz,https://castora.xyz,https://cdn.prod.website-files.com/669ade140a683001b9f7fd78/67b9127dea5cc3512a8b5a62_Castora_banner.webp,Funfair price prediction markets on Monad.,Yes,
Catton AI,https://cdn.prod.website-files.com/669ade140a683001b9f7fd78/67eff2c59b8145c6ecb86f1b_CattonAiTokenLogo_400.webp,App,AI,https://x.com/Cattontw,https://catton.ai/,https://cdn.prod.website-files.com/669ade140a683001b9f7fd78/67eff2c59b8145c6ecb86f1e_1500x500.webp,"Catton AI, backed by Forj &amp; Ape Accelerator, leads AI NPC gaming on Telegram with 900K users and 300k holders.",No,Inactive + Website NA
Celeris,https://cdn.prod.website-files.com/669ade140a683001b9f7fd78/6863135bff21aa78233f1aa0_IMG_20250624_015425_464.webp,App,DeFi,https://x.com/0xCeleris,https://celeris.exchange,https://cdn.prod.website-files.com/669ade140a683001b9f7fd78/6863135bff21aa78233f1aa5_20250624_015320.webp,Celeris is the first fully on-chain orderbook Perps++ DEX that is fully permissionless with ultra-low latency &amp; parallelized liquidity.,Yes,
Chainbase,https://cdn.prod.website-files.com/669ade140a683001b9f7fd78/67b9129b442716854f208d19_Chainbase_logo.webp,Infra,"Dev,Tooling",https://x.com/ChainbaseHQ,https://chainbase.com/,https://cdn.prod.website-files.com/669ade140a683001b9f7fd78/67b912986ca74a700163fbc2_Chainbase_banner.webp,"Chainbase enables AI-era data interoperability and access with a decentralized, composable, and incentivized economy.",No,
Chainlink,https://cdn.prod.website-files.com/669ade140a683001b9f7fd78/67c4e79b975a193baa9b8f85_chainlink.webp,Infra,Cross-Chain,https://x.com/chainlink,https://chain.link/,https://cdn.prod.website-files.com/669ade140a683001b9f7fd78/67c4e79e50923072710e914c_chainlink%20banner.webp,"Chainlink is the standard for onchain finance, verifiable data, and cross-chain interoperability.",No,
Chainsight,https://cdn.prod.website-files.com/669ade140a683001b9f7fd78/67b912a9de3f023f51d195fb_Chainsight_logo.webp,Infra,Indexer,https://x.com/Chainsight_,https://chainsight.network/,https://cdn.prod.website-files.com/669ade140a683001b9f7fd78/67b912a378fa3e34d9099949_Chainsight_banner.webp,"Chainsight redefines oracles with no-code tools, lowering costs, reducing single-operator risks, and driving scalable, open innovation.",No,
Chronicle,https://cdn.prod.website-files.com/669ade140a683001b9f7fd78/67b912b4b64c5dc668f68208_Chronicle_logo.webp,Infra,Oracle,https://x.com/ChronicleLabs,https://chroniclelabs.org/,NONE,"Decentralized, verifiable oracles. Chronicle connects product builders to realtime data &amp; custom verification.",No,
Clober,https://cdn.prod.website-files.com/669ade140a683001b9f7fd78/67bebcb9cf681db7a60d2e22_clober.webp,App,DeFi,https://x.com/CloberDEX,https://alpha.clober.io,https://cdn.prod.website-files.com/669ade140a683001b9f7fd78/67bebcbda054d8dee3799b11_clober%20monad.webp,Clober is a fully on-chain CLOB DEX protocol with a gas-efficient matching engine optimized for on-chain execution.,No,
CoNFT,https://cdn.prod.website-files.com/669ade140a683001b9f7fd78/67c6400453e750640690be80_conft.webp,App,NFT,https://x.com/ConftApp,https://conft.app,https://cdn.prod.website-files.com/669ade140a683001b9f7fd78/67cb771049486c6eb222c702_conft%20(1).webp,coNFT.app-NFT aggregator where users can create/trade NFT and register web3 domains.120k MAU. 1M+ mints. 70k+ web3 registrations.,No,
Codex,https://cdn.prod.website-files.com/669ade140a683001b9f7fd78/67b912df3b92e175eb00c2f8_Codex_logo.webp,Infra,Indexer,https://x.com/trycodex,https://www.codex.io,https://cdn.prod.website-files.com/669ade140a683001b9f7fd78/67b912ddae2274c79f98768c_Codex_banner.webp,"The Codex API provides fast and accurate enriched data, meticulously structured to easily plug straight into your application.",No,
Coin98 AI Wallet,https://cdn.prod.website-files.com/669ade140a683001b9f7fd78/67b912eaf20a63404b11b01c_Coin98%20AI%20Wallet_logo.webp,Infra,AI,https://x.com/coin98_wallet,https://coin98.com/,https://cdn.prod.website-files.com/669ade140a683001b9f7fd78/67b912e8de3f023f51d1d7c4_Coin98%20AI%20Wallet_banner.webp,Crypto Messenger &amp; AI Wallet. Everyone's Gateway to The Open Internet.,No,
Covenant,https://cdn.prod.website-files.com/669ade140a683001b9f7fd78/67b91321ea5cc3512a8be053_Covenant_logo.webp,App,DeFi,https://x.com/covenantFi,https://covenant.finance,https://cdn.prod.website-files.com/669ade140a683001b9f7fd78/67b9131fa3562438106116ea_Covenant_banner.webp,"Lever up your favorite token, or earn yield, through liquid, tradeable debt markets.",No,
Crust Finance,https://cdn.prod.website-files.com/669ade140a683001b9f7fd78/6802d4bfe173e30b685ba3ea__EZGsvtJ_400x400%20(1).webp,App,DeFi,https://x.com/CrustFinance,https://crust.finance,https://cdn.prod.website-files.com/669ade140a683001b9f7fd78/6802d4c3f491d1780dd47583_1500x500%20(1)%20(1).webp,"Crust Finance is a metadex with concentrated liquidity and native ALM support, built on Monad.",Yes,
Crystal,https://cdn.prod.website-files.com/669ade140a683001b9f7fd78/67b91338de4da514b3258311_Crystal_logo.webp,App,DeFi,https://x.com/CrystalExch,https://crystal.exchange,https://cdn.prod.website-files.com/669ade140a683001b9f7fd78/67b91336a1ed529049cd029d_Crystal_banner.webp,Crystal is a fully on-chain CLOB exchange that brings CEX-grade performance to the EVM without compromising on security or composability.,Yes,
Cult Markets,https://cdn.prod.website-files.com/669ade140a683001b9f7fd78/6847444702a242ed322515e4_cultL.webp,App,NFT,https://x.com/cultmarkets,https://testnet.cultmarkets.com/,https://cdn.prod.website-files.com/669ade140a683001b9f7fd78/6847444702a242ed322515ec_cultmarkets_banner.webp,"Gamified omnichain NFT marketplace powering dynamic drops, collectibles, and interactive shard-based campaigns.",No,
Curvance,https://cdn.prod.website-files.com/669ade140a683001b9f7fd78/67b9137ae970ab23ad8030be_Curvance_logo.webp,App,DeFi,https://x.com/Curvance,https://monad.curvance.com/monad,https://cdn.prod.website-files.com/669ade140a683001b9f7fd78/67b9137cce65acecef54658a_Curvance_banner.webp,Curvance is a multichain liquidity protocol that maximizes capital efficiency in DeFi.,No,
Cycle Network,https://cdn.prod.website-files.com/669ade140a683001b9f7fd78/67b91388b126dbefee6fe84d_Cycle%20Network_logo.webp,Infra,Cross-Chain,https://x.com/cyclenetwork_GO,https://www.cyclenetwork.io/,https://cdn.prod.website-files.com/669ade140a683001b9f7fd78/67b91386dec63edfce3f80b2_Cycle%20Network_banner.webp,"Cycle Network offers bridgeless liquidity abstraction through verifiable state aggregation, supporting all BTC and EVM networks",No,
Cyferio,https://cdn.prod.website-files.com/669ade140a683001b9f7fd78/67b91393ebe3a25cc1be0cc4_Cyferio_logo.webp,Infra,Privacy,https://x.com/cyferio_labs,https://cyferio.com/,https://cdn.prod.website-files.com/669ade140a683001b9f7fd78/67b9139678fa3e34d90a5b90_Cyferio_banner.webp,"Award-winning Cyferio Hub offers modular FHE rollup tech for confidential, scalable blockchain computing and privacy-preserving apps.",No,Inactive + Website NA
DAU Cards,https://cdn.prod.website-files.com/669ade140a683001b9f7fd78/67b913a278f79de0e7a62b38_DAU%20Cards_logo.webp,App,Payments,https://x.com/DAUCards,https://gmonad.daucards.com/,https://cdn.prod.website-files.com/669ade140a683001b9f7fd78/67b913a4ea5cc3512a8c6485_DAU%20Cards_banner.webp,DAU Cards bridges your crypto to everyday spending in seconds. Our interface-agnostic platform unlocks access to 40M+ global merchants.,No,
DRKVRS,https://cdn.prod.website-files.com/669ade140a683001b9f7fd78/67d3a1aa464cdce0ecbee499_drkvrs%20jpg.webp,App,Gaming,https://x.com/drkvrs,https://www.drkvrs.io,https://cdn.prod.website-files.com/669ade140a683001b9f7fd78/67d3a1aea4d25d753f9215c7_drkvrs%20banner%20(1).webp,"DRKVRS is a Web3 Multiplayer Action RPG game with innovative mechanics, set in a dystopian and brutalist world.",No,
DRPC,https://cdn.prod.website-files.com/669ade140a683001b9f7fd78/67b913b7b9188e59b9a50568_DRPC_logo.webp,Infra,RPC,https://x.com/drpcorg,https://drpc.org,https://cdn.prod.website-files.com/669ade140a683001b9f7fd78/67b913b9c0e02b5b7bef2682_DRPC_banner.webp,dRPC is an off-chain routing protocol for delivering reliable API infrastructure leveraging a distributed network of nodes.,No,
DashX,https://cdn.prod.website-files.com/669ade140a683001b9f7fd78/67bebd535f9f62cdf559f308_dashx%20logo.webp,App,DeFi,https://x.com/dashxhq,https://dashx.xyz,NONE,"DashX: One-click payments for everything. A DeFi platform with the fastest cross-chain transactions, ramps, and rewards!",No,
Defined,https://cdn.prod.website-files.com/669ade140a683001b9f7fd78/67b913c47f3041834a5454df_Defined_logo.webp,Infra,Analytics,https://x.com/definedfi,https://defined.fi,https://cdn.prod.website-files.com/669ade140a683001b9f7fd78/67b913c62a3730e911b60d80_Defined_banner.webp,Defined is the fastest charting platform serving 70+ networks and 25+ million tokens.,No,
Demask Finance,https://cdn.prod.website-files.com/669ade140a683001b9f7fd78/67b913d97f3041834a54624e_Demask%20Finance_logo.webp,App,NFT,https://x.com/demaskfinance,https://demask.finance/,https://cdn.prod.website-files.com/669ade140a683001b9f7fd78/67b913dac0e02b5b7bef3bef_Demask%20Finance_banner.webp,Demask Finance is an on-chain AMM protocol that enables trading between NFT collectibles and native tokens.,Yes,
Dialect,https://cdn.prod.website-files.com/669ade140a683001b9f7fd78/67b913e4c3ad7da1ddf1c27c_Dialect_logo.webp,Infra,"Other,Infra",https://x.com/saydialect,http://www.dialect.to,https://cdn.prod.website-files.com/669ade140a683001b9f7fd78/67b913e5e21ffe4d1050d95f_Dialect_banner.webp,"A toolkit to integrate onchain experiences into your app, instantly.",No,
Diffuse,https://cdn.prod.website-files.com/669ade140a683001b9f7fd78/67b913ef859d08f0b8d743ef_Diffuse_logo.webp,Infra,Zero-Knowledge,https://x.com/DiffuseFi,https://www.diffuse.fi/,https://cdn.prod.website-files.com/669ade140a683001b9f7fd78/67b913edb126dbefee70369b_Diffuse_banner.webp,"Diffuse is a zk serverless protocol that delivers fast, cost-efficient, and verifiable both on/off-chain data any project needs.",No,
Dirol Protocol,https://cdn.prod.website-files.com/669ade140a683001b9f7fd78/67cb75a360ac4f826e2f7ec3_photo_2025-03-03_14-07-29.webp,App,DeFi,https://x.com/DirolProtocol,https://dex.dirol.io/swap,https://cdn.prod.website-files.com/669ade140a683001b9f7fd78/67cb776ce2f730919914482f_Dirol%20Banner%20(1).webp,Dirol is a native DeFi Hub on Monad with a full suite of DeFi features. You can do everything on Dirol.,Yes,
DiscoCats,https://cdn.prod.website-files.com/669ade140a683001b9f7fd78/67b913f93b92e175eb01aa03_DiscoCats_logo.webp,App,DeFi,https://x.com/mydiscocats,https://mydiscocats.com/,NONE,"We make locked assets liquid, offering multi-layer yield through Liquid NFTs and Bribe mechanisms with our four products.",No,
Doppler,https://cdn.prod.website-files.com/669ade140a683001b9f7fd78/67bebd1b38a780964089324a_doppler.webp,Infra,"Other,Infra",https://x.com/dopplerprotocol,https://doppler.lol/,https://cdn.prod.website-files.com/669ade140a683001b9f7fd78/67bebd1e315fb4f90a5cf4ba_doppler%20banner.webp,Doppler is an easy to integrate token creation protocol. It automates finding fair prices and getting AMMs like Uniswap bootstrapped.,No,
Drake,https://cdn.prod.website-files.com/669ade140a683001b9f7fd78/6847444575685e46bfbc9a83_400x400-1-.webp,App,DeFi,https://x.com/DrakeExchange,https://drake.exchange/,https://cdn.prod.website-files.com/669ade140a683001b9f7fd78/6847444675685e46bfbc9a8a_v2-banner.webp,"Drake's hybrid CLOB unlocks CEX speed, DEX transparency, and frictionless yields, resulting in what matters most: perps that feel right",Yes,
Dune,https://cdn.prod.website-files.com/669ade140a683001b9f7fd78/67b91412f9180e8745b286a5_Dune_logo.webp,Infra,Analytics,https://x.com/Dune,http://dune.com/home,https://cdn.prod.website-files.com/669ade140a683001b9f7fd78/67b91411e21ffe4d1050f3ad_Dune_banner.webp,"Dune is the leading data platform for onchain data, empowering users to query, visualize, and build across 90+ blockchains.",No,
Dusted,https://cdn.prod.website-files.com/669ade140a683001b9f7fd78/67b9141c84cbdc367d620003_Dusted_logo.webp,App,Social,https://x.com/dusted_app,https://www.dusted.app,https://cdn.prod.website-files.com/669ade140a683001b9f7fd78/67b9141ce0429ca00f4f3f18_Dusted_banner.webp,"Connect with every community member in token-specific chat rooms, earn Dusted points, and win prizes from other Monad projects.",No,
Dynamic,https://cdn.prod.website-files.com/669ade140a683001b9f7fd78/67b91426859d08f0b8d76748_Dynamic_logo.webp,Infra,"Account,Abstraction",https://x.com/dynamic_xyz,https://www.dynamic.xyz/,https://cdn.prod.website-files.com/669ade140a683001b9f7fd78/67b9142473996311554ca9af_Dynamic_banner.webp,"Dynamic combines authentication, smart wallets, and secure key management into one flexible SDK.",No,
Dyson Finance,https://cdn.prod.website-files.com/669ade140a683001b9f7fd78/67e316a97d15a048a0c7a43e_twitter_profile_1x.webp,App,DeFi,https://x.com/DysonFinance,https://dyson.finance/,https://cdn.prod.website-files.com/669ade140a683001b9f7fd78/67e316a97d15a048a0c7a46c_twitter_pre_launch_cover_4x.webp,"Dyson Finance makes DeFi more inclusive and profitable by combining dynamic AMM, Dual Investment, and a Membership Program.",No,
ELFi,https://cdn.prod.website-files.com/669ade140a683001b9f7fd78/68474446020515eb7453f848_logo.webp,App,DeFi,https://x.com/ELFiProtocol,https://www.elfi.xyz/,https://cdn.prod.website-files.com/669ade140a683001b9f7fd78/68474446020515eb7453f84b_banner.webp,"ELFi is the first DEX with ultra portfolio margin &amp; zero-risk stablecoin pool. No KYC. $1.62B volume, 32K users, up to 1000x leverage.",No,
EOracle,https://cdn.prod.website-files.com/669ade140a683001b9f7fd78/67b914331e79a03f6da4a7b7_EOracle_logo.webp,Infra,Oracle,https://x.com/EO_Network,https://www.eoracle.io/,https://cdn.prod.website-files.com/669ade140a683001b9f7fd78/67b914357f3041834a54a50e_EOracle_banner.webp,eOracle provides decentralized price feeds through a cryptoeconomically secure oracle network.,No,
Eisen Finance,https://cdn.prod.website-files.com/669ade140a683001b9f7fd78/6893bd214907ffb0bd6905ae_Eisen_Symbol.webp,App,DeFi,https://x.com/EisenLabs,https://eisenfinance.com/,https://cdn.prod.website-files.com/669ade140a683001b9f7fd78/6893bd214907ffb0bd6905b6_x-banner.webp,Eisen is a multichain DEX aggregator expanding with V2 to unify CEX/DEX spot &amp; derivatives for advanced DeFi strategies.,No,
Enjoyoors,https://cdn.prod.website-files.com/669ade140a683001b9f7fd78/682eef8db64860c25b79c9c6_Enjoyoors_logo.webp,App,DeFi,https://x.com/enjoyoorsxyz,https://enjoyoors.xyz,https://cdn.prod.website-files.com/669ade140a683001b9f7fd78/682eef78202dc7cc8af07d6d_Header_enjoyoors.webp,Enoyoors is a protocol that unlocks yield on any asset on any chain.,No,
Entangle,https://cdn.prod.website-files.com/669ade140a683001b9f7fd78/67cb77e4c1b4e4169e9d7662_entangle-logo.webp,Infra,Cross-Chain,https://x.com/Entanglefi,https://entangle.fi/,https://cdn.prod.website-files.com/669ade140a683001b9f7fd78/67cb77e668afbbbcfdeaab59_entangle-banner.webp,"Blockchains are fragmented, blocking data, liquidity/tokens. Our interoperability stack unifies Web3.",No,
Envio,https://cdn.prod.website-files.com/669ade140a683001b9f7fd78/67b91462c1a6a111c71df6fd_Envio_logo.webp,Infra,Indexer,https://x.com/envio_indexer,https://envio.dev/,https://cdn.prod.website-files.com/669ade140a683001b9f7fd78/67b91446e882d110b44a24af_Envio_banner.webp,"Envio is a modern, multi-chain EVM blockchain indexer for querying real-time and historical data.",No,
Euclid Protocol,https://cdn.prod.website-files.com/669ade140a683001b9f7fd78/6883f9e5ab45980310bb5983_euclid%20logo%20.webp,Infra,"Dev,Tooling",https://x.com/EuclidProtocol,https://www.euclidprotocol.io/,https://cdn.prod.website-files.com/669ade140a683001b9f7fd78/6883f9f05ed6d256a415dd27_euclid%20banner.webp,"Euclid is the first liquidity consensus layer, letting any dApp instantly access liquidity from 50+ networks—no bridging needed.",No,
Euler,https://cdn.prod.website-files.com/669ade140a683001b9f7fd78/67b9148448ee25af9bdeb78a_Euler_logo.webp,App,DeFi,https://x.com/eulerfinance/,http://euler.finance,https://cdn.prod.website-files.com/669ade140a683001b9f7fd78/67b9148784cbdc367d624331_Euler_banner.webp,Euler revolutionizes DeFi by letting any asset become collateral for a lending market.,No,
FUKU,https://cdn.prod.website-files.com/669ade140a683001b9f7fd78/67c4e7cee99fbe7860f5ac2d_fuku.webp,App,DeFi,https://x.com/Fuku_nad,https://testnet.fukunad.xyz/,https://cdn.prod.website-files.com/669ade140a683001b9f7fd78/67c4e7d195901a1d7451f9d8_fuku%20b.webp,"A Defi Saving protocol on Monad, blending savings with the excitement of betting and winning prizes without risking your deposit.",No,
FWX,https://cdn.prod.website-files.com/669ade140a683001b9f7fd78/6847444652fc2d7b6454b30f_fwx-logo.webp,App,DeFi,https://x.com/fwxfinance,https://fwx.finance,https://cdn.prod.website-files.com/669ade140a683001b9f7fd78/6847444652fc2d7b6454b312_fwx-banner.webp,"FWX: Permissionless leverage trading on DEX. Add any token, create a lending pool, and margin trade. Lenders are protected via hedging.",No,
Fans3 AI,https://cdn.prod.website-files.com/669ade140a683001b9f7fd78/68782bc80d889748856753b5_fan3%20logo%20DZcQNjA2_400x400.webp,App,AI,https://x.com/Fans3_AI,https://www.fans3.ai/,https://cdn.prod.website-files.com/669ade140a683001b9f7fd78/688d2cfa82f4a5eaf6956e46_fan3%20new%20banner.webp,Fans3 empowers creators to build emotionally intelligent AI personas that engage fans 24/7,Yes,
Farcaster,https://cdn.prod.website-files.com/669ade140a683001b9f7fd78/6883e31c7002016d7f174e41_fc.webp,App,Social,https://x.com/farcaster_xyz,http://farcaster.xyz/,https://cdn.prod.website-files.com/669ade140a683001b9f7fd78/6883e31c7002016d7f174e3e_fcb.webp,Farcaster is a decentralized social app that has an embedded wallet and mini apps that support Monad,No,
FastLane,https://cdn.prod.website-files.com/669ade140a683001b9f7fd78/67d77203133e25b8b1565e04_nHQGz23P_400x400.webp,App/Infra,"Dev,Tooling",https://x.com/0xFastLane,https://www.fastlane.xyz/,https://cdn.prod.website-files.com/669ade140a683001b9f7fd78/67bcd3c2c6d79d1cd6445d82_fastlane.webp,"FastLane is an MEV protocol for validators + apps with an integrated 4337 bundler, an on-chain task scheduler, and the first holistic LST.",No,
Fiamma,https://cdn.prod.website-files.com/669ade140a683001b9f7fd78/67b914b9e21ffe4d10515b60_Fiamma_logo.webp,Infra,Cross-Chain,https://x.com/fiamma_labs,https://fiammalabs.io/,https://cdn.prod.website-files.com/669ade140a683001b9f7fd78/67b914b57dbc3256a01c9255_Fiamma_banner.webp,"Unlocking Bitcoin’s real-world use, making it a dynamic asset &amp; foundation of a decentralized internet &amp; finance.",No,
Fizen.io,https://cdn.prod.website-files.com/669ade140a683001b9f7fd78/67b914c07095d061fc67bd32_Fizen.io_logo.webp,App,Payments,https://x.com/fizenapp,https://fizen.io/,https://cdn.prod.website-files.com/669ade140a683001b9f7fd78/67b914c1779fac86351a7c11_Fizen.io_banner.webp,"Backed by Tether, Fizen.io provides a Wallet-based Crypto Super App Pay for everything with crypto.",No,
Flap,https://cdn.prod.website-files.com/669ade140a683001b9f7fd78/67b914c8f0b471b3c1bcda4d_Flap_logo.webp,App,DeFi,https://x.com/flapdotsh,https://monad.flap.sh/board,https://cdn.prod.website-files.com/669ade140a683001b9f7fd78/67b914cc3a3a575251c3c907_Flap_banner.webp,"Launch your coin with just one click on Monad with Flap, the premier memecoin launchpad.",No,
Flipside Crypto,https://cdn.prod.website-files.com/669ade140a683001b9f7fd78/67b914d748ee25af9bdf0016_Flipside%20Crypto_logo.webp,Infra,Analytics,https://x.com/flipsidecrypto,https://flipsidecrypto.com,https://cdn.prod.website-files.com/669ade140a683001b9f7fd78/67b914d6af1ff23f24a5b7d6_Flipside%20Crypto_banner.webp,"Flipside orchestrates blockchain growth with data, science &amp; community, turning onchain insights into measurable ecosystem value.",No,
Folks Finance,https://cdn.prod.website-files.com/669ade140a683001b9f7fd78/67b914e1d821392f193d1796_Folks%20Finance_logo.webp,App,DeFi,https://x.com/FolksFinance,https://folks.finance/,https://cdn.prod.website-files.com/669ade140a683001b9f7fd78/67b914e01e79a03f6da50e6f_Folks%20Finance_banner.webp,"Folks Finance offers cross-chain lending, borrowing, staking and trading, building the TradFi experience on a DeFi foundation.",No,
Fonbnk,https://cdn.prod.website-files.com/669ade140a683001b9f7fd78/68b20be3d17aa8667581bcf4_fonbnk_logo_400x400.webp,Infra,Onramp,https://x.com/fonbnk1,https://www.fonbnk.com/,https://cdn.prod.website-files.com/669ade140a683001b9f7fd78/68b20d1c0eb83dc9210d08cc_fnbank%201500x500%20(1).jpeg,"Fonbnk links cash-based, mobile-first economies to Web3 by converting prepaid payments into stablecoins for instant global access.",No,
Fortytwo,https://cdn.prod.website-files.com/669ade140a683001b9f7fd78/67b914e98f00b5fa4ab55d6d_Fortytwo_logo.webp,App/Infra,AI,https://x.com/fortytwo,https://fortytwo.network/,https://cdn.prod.website-files.com/669ade140a683001b9f7fd78/67b914e8fc64a6c6e43a887e_Fortytwo_banner.webp,A decentralized AI network growing smarter with each node where every computer contributes to planetary-scale limitless intelligence.,Yes,
FoxWallet,https://cdn.prod.website-files.com/669ade140a683001b9f7fd78/67eff2c5b61ab3ee66b95f4d_FoxWallet-logo-976d5ab2d790ac1b34faff49589007f8.webp,Infra,Wallet,https://x.com/FoxWallet,https://foxwallet.com/en,https://cdn.prod.website-files.com/669ade140a683001b9f7fd78/67eff2c5b61ab3ee66b95f50_1500x500.webp,Leading multi-chain mobile and extension wallet solution that seamlessly integrates with major blockchains.,No,
GM Agents,https://cdn.prod.website-files.com/669ade140a683001b9f7fd78/687816d9af2f69162a3cf9fc_gm%20logo%20_400x400.webp,App,AI,https://x.com/GMAgents_AI,https://gmagents.ai/,https://cdn.prod.website-files.com/669ade140a683001b9f7fd78/687816d6dfa57cb6f0341205_gm%20background%201500x500%20(1).webp,"GM Agents is an AI super app that brings together a wide range of AI agents — for text, image, audio, and video.",No,
Garden,https://cdn.prod.website-files.com/669ade140a683001b9f7fd78/68ceb77fe2afc590d7d7eb02_pink-1-.png,Infra,Cross-Chain,https://x.com/gardenfi,https://garden.finance/,https://cdn.prod.website-files.com/669ade140a683001b9f7fd78/68ceb77fe2afc590d7d7eb0e_monad_cover.png,"Garden is a Bitcoin bridge, enabling cross-chain swaps in 30 seconds with trustless, zero-custody risk settlements for users.",No,
Gasp,https://cdn.prod.website-files.com/669ade140a683001b9f7fd78/67eff2c5fe6b7047c00492d9_4MWxHMWf_400x400.webp,App,DeFi,https://x.com/Gasp_xyz,https://www.gasp.xyz/,https://cdn.prod.website-files.com/669ade140a683001b9f7fd78/67eff2c5fe6b7047c00492dc_1500x500.webp,"Gasp is a cross-chain DEX for exchanging crypto across blockchains like Ethereum L2s, Solana, Bitcoin, RWA, and much more.",No,
Gateway,https://cdn.prod.website-files.com/669ade140a683001b9f7fd78/67b91506e21ffe4d1051b443_Gateway_logo.webp,Infra,Privacy,https://x.com/Gateway_xyz,https://gateway.tech/,https://cdn.prod.website-files.com/669ade140a683001b9f7fd78/67b915055075b90f1687d2bc_Gateway_banner.webp,"Gateway is making encrypted data as programmable as public state, allowing for full execution over high-value data.",No,Inactive + Website NA
Gearbox Protocol,https://cdn.prod.website-files.com/669ade140a683001b9f7fd78/68f69b4cbcdd9c8e6c15073a_ISu5WSUS_400x400.webp,App,DeFi,https://x.com/GearboxProtocol,https://gearbox.fi/,https://cdn.prod.website-files.com/669ade140a683001b9f7fd78/68f69b4cbcdd9c8e6c15073d_1500x500.webp,Gearbox is DeFi’s credit layer: permissionless lending for institutional-grade efficiency and yield.,No,
Gelato,https://cdn.prod.website-files.com/669ade140a683001b9f7fd78/67b9150ff0b471b3c1bd3109_Gelato_logo.webp,Infra,"Account,Abstraction",https://x.com/gelatonetwork,https://www.gelato.network/,https://cdn.prod.website-files.com/669ade140a683001b9f7fd78/67b91510859d08f0b8d7fccc_Gelato_banner.webp,"Gelato Web3 Services bring enhanced UX to Monad's high-speed L1, enabling devs build automated apps with gasless transactions &amp; VRF.",No,
Ghost,https://cdn.prod.website-files.com/669ade140a683001b9f7fd78/67b91518fc64a6c6e43ab1b3_Ghost_logo.webp,Infra,Indexer,https://x.com/0xGhostLogs,https://tryghost.xyz,https://cdn.prod.website-files.com/669ade140a683001b9f7fd78/67b9151948ee25af9bdf3ea6_Ghost_banner.webp,"Build blazing fast indexers for smart contracts with Ghost: write transformations in Solidity, query data via GraphQL on hosted endpoints.",No,
Gifted.art,https://cdn.prod.website-files.com/669ade140a683001b9f7fd78/67b91522859d08f0b8d80847_Gifted.art_logo.webp,App,NFT,https://x.com/gifteddotart,https://gifted.art/,https://cdn.prod.website-files.com/669ade140a683001b9f7fd78/67b915216e9a2707acfaa17a_Gifted.art_banner.webp,Gifted.art is a email delivery platform.,No,
GoPlus,https://cdn.prod.website-files.com/669ade140a683001b9f7fd78/67b9152e89130464ea40fe38_GoPlus_logo.webp,Infra,"Other,Infra",https://x.com/goplussecurity,http://gopluslabs.io,https://cdn.prod.website-files.com/669ade140a683001b9f7fd78/67b9152dab78b729a922069b_GoPlus_banner.webp,"Redefining Web3 user security with its Modular User Security Layer, offering open access to security intelligence and firewall services.",No,
GoldRush by Covalent,https://cdn.prod.website-files.com/669ade140a683001b9f7fd78/67b9153489130464ea41015c_GoldRush%20by%20Covalent_logo.webp,Infra,Indexer,https://x.com/Covalent_HQ,https://goldrush.dev/,NONE,Foundational multichain data APIs and toolkits for easy web3 development across 100+ chains including Monad.,No,
Golden Goose,https://cdn.prod.website-files.com/669ade140a683001b9f7fd78/67b9153d6ae7e18300dfff71_Golden%20Goose_logo.webp,App,DeFi,https://x.com/GoldenGoose_app,https://www.goose.farm/,https://cdn.prod.website-files.com/669ade140a683001b9f7fd78/67b9153f6e9a2707acfac800_Golden%20Goose_banner.webp,"Golden Goose is an yield-bearing game incubated by Cycle Network that combines blind boxes, nurturing gameplay and DeFi!",No,
Goldsky,https://cdn.prod.website-files.com/669ade140a683001b9f7fd78/67b9154c5075b90f1688042c_Goldsky_logo.webp,Infra,Indexer,https://x.com/goldskyio,https://goldsky.com,https://cdn.prod.website-files.com/669ade140a683001b9f7fd78/67b915498330a99a870e9e79_Goldsky_banner.webp,"Indexing (subgraphs with RPC failover, webhooks, and more), and streaming pipelines (replicating data to your own infra).",No,
Gorillionaire,https://cdn.prod.website-files.com/669ade140a683001b9f7fd78/68474cae0b197901e1e48b23_gorillionaire%20logo.webp,App,DeFi,https://x.com/gorillionaireai,https://www.gorillionai.re/,https://cdn.prod.website-files.com/669ade140a683001b9f7fd78/68474cb48bed528dd7a3cec4_gorillionaire%20banner.webp,Gorillionaire transforms blockchain data chaos into clear signals. Compete on leaderboards while our intelligence guides your trades.,Yes,
HaHa Wallet,https://cdn.prod.website-files.com/669ade140a683001b9f7fd78/67b9155dc0e02b5b7bf04716_HaHa%20Wallet_logo.webp,Infra,"Account,Abstraction",https://x.com/haha_app,https://www.haha.me,https://cdn.prod.website-files.com/669ade140a683001b9f7fd78/67b9155cf6998cf242066b95_HaHa%20Wallet_banner.webp,Native smart wallet with DeFi automations and a community rewards system.,No,
Hashflow,https://cdn.prod.website-files.com/669ade140a683001b9f7fd78/67b91566c0e02b5b7bf04b76_Hashflow_logo.webp,App,DeFi,https://x.com/hashflow,https://app.hashflow.com/,https://cdn.prod.website-files.com/669ade140a683001b9f7fd78/67b91567cfd1b7580b46401c_Hashflow_banner.webp,Hashflow is the leading RFQ protocol that connects professional market makers and takers—powering $25B+ in volume across multiple chains.,No,
Hawk Terminal,https://cdn.prod.website-files.com/669ade140a683001b9f7fd78/67e317511e6ed8599a5ea4f7_hawk%20terminal%20logo.webp,App,Gaming,https://x.com/hawkterminal_HQ,https://hawkterminal.com/,https://cdn.prod.website-files.com/669ade140a683001b9f7fd78/67e31755c7faf77a521f32de_hawk%20terminal%20banner.webp,Launchpad for on-chain builders augmented by AI agents.,No,Inactive + Website NA
Hemera,https://cdn.prod.website-files.com/669ade140a683001b9f7fd78/67b9157cf9180e8745b35b41_Hemera_logo.webp,Infra,"Dev,Tooling",https://x.com/HemeraProtocol,https://thehemera.com/,https://cdn.prod.website-files.com/669ade140a683001b9f7fd78/67b9157bb126dbefee712be4_Hemera_banner.webp,Hemera is a programmable and verifiable data layer powered by the Account-Centric Indexing protocol.,No,
Henry Labs,https://cdn.prod.website-files.com/669ade140a683001b9f7fd78/687816eba60be7a1995ef6ee_henry%20logo%20.webp,App,AI,https://x.com/henrylabs,https://www.henrylabs.ai,https://cdn.prod.website-files.com/669ade140a683001b9f7fd78/687816e959d71c67e80d8968_henry%20background%201500x500%20(1).webp,"Henry Labs makes it possible for apps to enable in-app shopping with a simple SDK, using agents to execute purchases.",Yes,
Hive,https://cdn.prod.website-files.com/669ade140a683001b9f7fd78/680607f2d47e9c4f91bbf907_hive.webp,App,DeFi,https://x.com/Hive_Monad,https://bhive.finance/,https://cdn.prod.website-files.com/669ade140a683001b9f7fd78/680607ee5d66251ea96a2f47_hive%20banner.webp,"Hive is a native stablecoin protocol on Monad, unlocking real yield, liquidity, through native-chain collateral and active deployment.",Yes,
Hyperlane,https://cdn.prod.website-files.com/669ade140a683001b9f7fd78/67b915848f00b5fa4ab5ff20_Hyperlane_logo.webp,Infra,Cross-Chain,https://x.com/hyperlane,https://hyperlane.xyz,https://cdn.prod.website-files.com/669ade140a683001b9f7fd78/67b9158311a6f58966799b1e_Hyperlane_banner.webp,"Hyperlane is a permissionless interoperability protocol for cross-chain message passing &amp; asset transfers. It's fast, free, and open-source!",No,
INFINIT,https://cdn.prod.website-files.com/669ade140a683001b9f7fd78/67b9158c48ee25af9bdfbec0_INFINIT_logo.webp,App,DeFi,https://x.com/infinit_labs,https://infinit.tech/,https://cdn.prod.website-files.com/669ade140a683001b9f7fd78/67b9158bf6998cf242068ccf_INFINIT_banner.webp,INFINIT is the first DeFi Abstraction Layer that enables permissionless creation of DeFi Agents to simplify on-chain transactions.,No,
IZUMi Finance,https://cdn.prod.website-files.com/669ade140a683001b9f7fd78/67b915992a3730e911b7264c_IZUMi%20Finance_logo.webp,App,DeFi,https://x.com/izumi_Finance,https://alpha.izumi.finance/trade/swap,https://cdn.prod.website-files.com/669ade140a683001b9f7fd78/67b91596779fac86351afd4c_IZUMi%20Finance_banner.webp,iZUMi Finance is a multi-chain DeFi protocol providing one-stop DEX-as-a-Service (DaaS).,No,
Impossible Finance,https://cdn.prod.website-files.com/669ade140a683001b9f7fd78/67b915a173996311554d8205_Impossible%20Finance_logo.webp,App,DeFi,https://x.com/impossiblefi,https://impossible.finance/,https://cdn.prod.website-files.com/669ade140a683001b9f7fd78/67b915a3f6998cf242069f83_Impossible%20Finance_banner.webp,A research advisory firm with a DeFi launchpad. Empowering users with top-tier opportunities.,No,
Index Network,https://cdn.prod.website-files.com/669ade140a683001b9f7fd78/68d6e931940f75ea0a8764e7_Frame-777.webp,Infra,Identity,https://x.com/indexnetwork_,https://index.network/,https://cdn.prod.website-files.com/669ade140a683001b9f7fd78/68d6e931940f75ea0a8764e4_IndexCover.webp,"The first intent graph for social interactions, a new primitive where people express what they want and AI agents deliver best matches/",Yes,
Jenius,https://cdn.prod.website-files.com/669ade140a683001b9f7fd78/6883e319c7dc648610d7a0d4_jenius1.webp,App,AI,https://x.com/JeniusRndm,https://jenius.rndm.io,https://cdn.prod.website-files.com/669ade140a683001b9f7fd78/68e96d207864335c4112126f_jenius%20background.webp,"Tiktok x PumpFun sprinkled with AI. Users can tokenize content, graduate and join the wild ride to viral videos",Yes,
Jumper Exchange,https://cdn.prod.website-files.com/669ade140a683001b9f7fd78/68fe71a6e033a4712c4c3743_Jump_-_PFP.webp,App,DeFi,https://x.com/jumperexchange,https://jumper.exchange,https://cdn.prod.website-files.com/669ade140a683001b9f7fd78/68fe71a6e033a4712c4c3746_jumper-cover-image.webp,"Jumper Exchange lets users swap and bridge across 50+ chains, finding the best rates from top bridges, DEXs, and liquidity sources.",No,
KINETK,https://cdn.prod.website-files.com/669ade140a683001b9f7fd78/68ceb780c0d89aa11d07ec76_KINETK-Logo.webp,App,AI,https://x.com/KINETK_AI,https://www.kinetk.ai/,https://cdn.prod.website-files.com/669ade140a683001b9f7fd78/68ceba28a6e940587e1a4ae5_kinetk%20background.webp,"Invisible watermarking, agentic AI detection &amp; on-chain registration – building IP infrastructure for the future of digital creativity",Yes,
Kansei,https://cdn.prod.website-files.com/669ade140a683001b9f7fd78/68ceb780461d68370d63b7bd_Twitter-header---13.webp,App,DeFi,https://x.com/0xKansei,https://kansei.finance/trade,https://cdn.prod.website-files.com/669ade140a683001b9f7fd78/68ceb780461d68370d63b7c0_1500x500.webp,"All-in-one trading superapp with near instant UX, decentralized",Yes,
KiloEx,https://cdn.prod.website-files.com/669ade140a683001b9f7fd78/67b915b5859d08f0b8d869df_KiloEx_logo.webp,App,DeFi,https://x.com/KiloEx_perp,https://www.kiloex.io/,https://cdn.prod.website-files.com/669ade140a683001b9f7fd78/67b915b689130464ea416042_KiloEx_banner.webp,"KiloEx is the next generation of user-friendly perpetual DEX, fully integration with LSTfi. Backed by Binance Labs.",No,
Kingdomly,https://cdn.prod.website-files.com/669ade140a683001b9f7fd78/6883ea2d90ec8f542c785833_kingdom%20logo.webp,App,NFT,https://x.com/Kingdomlyapp,https://www.kingdomly.app/,https://cdn.prod.website-files.com/669ade140a683001b9f7fd78/6883ea3535ec43a0494e97cb_kingdom%20banner.webp,"An all in one NFT Dapp, where users can launch, mint, trade, bridge, stake on Kingdomly 🏰",No,
Kintsu,https://cdn.prod.website-files.com/669ade140a683001b9f7fd78/67b915bf6e9a2707acfb23b7_Kintsu_logo.webp,App,DeFi,https://x.com/Kintsu,https://kintsu.xyz/,https://cdn.prod.website-files.com/669ade140a683001b9f7fd78/67b915c0f6998cf24206bae3_Kintsu_banner.webp,"Kintsu is setting a new paradigm in Liquid Staking, fully native to Monad with DAO curated Validator Registry weights.",Yes,
Kinza Finance,https://cdn.prod.website-files.com/669ade140a683001b9f7fd78/67b915c773996311554da479_Kinza%20Finance_logo.webp,App,DeFi,https://x.com/kinzafinance,https://monad-test.kinza.finance,https://cdn.prod.website-files.com/669ade140a683001b9f7fd78/67b915c884cbdc367d631043_Kinza%20Finance_banner.webp,Permissionless lending.,No,Sus
Kizzy,https://cdn.prod.website-files.com/669ade140a683001b9f7fd78/67b915d16561ec94bfa425a1_Kizzy_logo.webp,App,Social,https://x.com/kizzymobile,https://kizzy.io/,https://cdn.prod.website-files.com/669ade140a683001b9f7fd78/67b915d286bf1f948b421241_Kizzy_banner.webp,Kizzy is a social media betting app. Bet on how your favorite influencers and celebrities will perform on Twitter and YouTube.,Yes,
Kodeus AI,https://cdn.prod.website-files.com/669ade140a683001b9f7fd78/68ceb77ff5972224015058a3_kodeus-favicon-white.webp,App,AI,https://x.com/TheKodeusLabs,https://kodeus.ai/,https://cdn.prod.website-files.com/669ade140a683001b9f7fd78/68ceb77ff5972224015058a6_twitter-banner.webp,"Kodeus lets users build on-chain Agentic apps from prompts - powered by LLM orchestration, 4k+ tools, and IP monetization.",Yes,
Koywe,https://cdn.prod.website-files.com/669ade140a683001b9f7fd78/68b20be38a9f4a238e4ca7eb_Koywe_Icon_400x400_koywe.webp,Infra,Onramp,https://x.com/koywe_latam,https://www.koywe.com/en/home,https://cdn.prod.website-files.com/669ade140a683001b9f7fd78/68b20be38a9f4a238e4ca805_Banner_1500x500_koywe-1-.webp,"Koywe provides crypto ramps and stablecoin financial tools: payments, billing, treasury management for businesses in LATAM.",No,
KuCoin Web3 Wallet,https://cdn.prod.website-files.com/669ade140a683001b9f7fd78/67b915e211a6f5896679ee94_KuCoin%20Web3%20Wallet_logo.webp,Infra,Wallet,https://x.com/KuCoin_Web3,https://www.kucoin.com/download,https://cdn.prod.website-files.com/669ade140a683001b9f7fd78/67b915e4ab78b729a9227ef1_KuCoin%20Web3%20Wallet_banner.webp,"The KuCoin Web3 Wallet is a decentralized, self-custodial wallet for easy on-chain asset management.",No,
Kuru,https://cdn.prod.website-files.com/669ade140a683001b9f7fd78/67b915ece21ffe4d105246dd_Kuru_logo.webp,App,DeFi,https://x.com/KuruExchange,https://kuru.io/,https://cdn.prod.website-files.com/669ade140a683001b9f7fd78/67b915ee1610ca8a55c3bd46_Kuru_banner.webp,"Find, trade and launch your coins on a fully on-chain CLOB. Built for traders, powered by Monad.",Yes,
LAGOON,https://cdn.prod.website-files.com/669ade140a683001b9f7fd78/687546f428ab754a943f12cb_Logo_LAGOON_400x400-pixels.webp,App,DeFi,https://x.com/lagoon_finance,https://lagoon.finance/,https://cdn.prod.website-files.com/669ade140a683001b9f7fd78/687546f428ab754a943f12c8_Banner-Cover_LAGOON_1500x500-pixels.webp,"LAGOON is an EVM-based vault infrastructure for curators, turning sophisticated farming strategies into 1-click yield products.",No,
LEVR.bet,https://cdn.prod.website-files.com/669ade140a683001b9f7fd78/67b915f9779fac86351b4888_LEVR.bet_logo.webp,App,DeFi,https://x.com/levr_bet,http://levr.bet/,https://cdn.prod.website-files.com/669ade140a683001b9f7fd78/67b915fa9fa4892d6236d66a_LEVR.bet_banner.webp,Leverage Sports Betting with Fully Liquid Positions.,Yes,
LFJ,https://cdn.prod.website-files.com/669ade140a683001b9f7fd78/67b91601c0e02b5b7bf0bccc_LFJ_logo.webp,App,DeFi,https://x.com/LFJ_gg,https://pandaria.lfj.gg/,https://cdn.prod.website-files.com/669ade140a683001b9f7fd78/67b916025d51b1bcd91c3c36_LFJ_banner.webp,"The onchain trading platform built for winners. One-stop DEX, Aggregator &amp; Screener for Monad. Discover &amp; buy every token at the best prices.",No,
LI.FI,https://cdn.prod.website-files.com/669ade140a683001b9f7fd78/68ceb780e6d195deeeed6da7_lifi_pfp.webp,Infra,Cross-Chain,https://x.com/lifiprotocol,https://li.fi/,https://cdn.prod.website-files.com/669ade140a683001b9f7fd78/68ceb780e6d195deeeed6da4_lifi_background.webp,"One API for seamless swaps &amp; bridging across EVM, Solana and Bitcoin. Integrated by Robinhood Wallet, MetaMask, Phantom + 600 partners.",No,
LayerZero,https://cdn.prod.website-files.com/669ade140a683001b9f7fd78/67b9160a6561ec94bfa44b63_LayerZero_logo.webp,Infra,Cross-Chain,https://x.com/LayerZero_Core,https://layerzero.network/,https://cdn.prod.website-files.com/669ade140a683001b9f7fd78/67b9160b3a3a575251c4a40a_LayerZero_banner.webp,LayerZero is an omnichain interoperability protocol that enables seamless communication between different blockchains.,No,
Layerhub,https://cdn.prod.website-files.com/669ade140a683001b9f7fd78/68f69b4cc576152375cc74ac_group_1000002444_1x.webp,Infra,Analytics,https://x.com/layerhub,https://layerhub.xyz/,https://cdn.prod.website-files.com/669ade140a683001b9f7fd78/68f69b4cc576152375cc74af_image_156.webp,"LayerHub is an on-chain analytics platform offering dashboards, wallet insights, leaderboards, and ecosystem tracking tools.",No,
Leap Wallet,https://cdn.prod.website-files.com/669ade140a683001b9f7fd78/67b91613d821392f193e089c_Leap%20Wallet_logo.webp,Infra,"Account,Abstraction",https://x.com/leap_wallet,https://www.leapwallet.io/,https://cdn.prod.website-files.com/669ade140a683001b9f7fd78/67b91615859d08f0b8d8af34_Leap%20Wallet_banner.webp,"Leap is a multi-chain wallet spanning across EVM, Cosmos &amp; Bitcoin.",No,
Legends of Elysium,https://cdn.prod.website-files.com/669ade140a683001b9f7fd78/6802d4ad83a262e9bc52444f_zejJW5VI_400x400.webp,App,Gaming,https://x.com/LegendsElysium,https://legendsofelysium.io/,https://cdn.prod.website-files.com/669ade140a683001b9f7fd78/6802d455ad9e71e887275dc8_Monad1500x500.webp,"A fantasy strategy game that combines TCG and board game mechanics. Collect cards, build custom decks, and engage in tactical battles.",No,
LeverUp,https://cdn.prod.website-files.com/669ade140a683001b9f7fd78/68fe71a6e79a1b8bcd68fa36_logo-400x400.webp,App,DeFi,https://x.com/LeverUp_xyz,https://leverup.xyz/,https://cdn.prod.website-files.com/669ade140a683001b9f7fd78/68fe71a6e79a1b8bcd68fa33_background-1500x500.webp,"Next-gen perps DEX with LP-free trading, deep liquidity, and up to 1001x leverage.",Yes,
Likwid,https://cdn.prod.website-files.com/669ade140a683001b9f7fd78/6863141eff21aa78233f7caa_liqd%20logo%20.webp,App,DeFi,https://x.com/likwid_fi,https://likwid.fi/,https://cdn.prod.website-files.com/669ade140a683001b9f7fd78/68631425dbb476f319b06489_liqd%20banner.webp,"The first fully permissionless, oracle-less, margin trading protocol based on uniswap V4.",No,
Lombard,https://cdn.prod.website-files.com/669ade140a683001b9f7fd78/67b916363a3a575251c4ba9c_Lombard_logo.webp,Infra,"Other,Infra",https://x.com/Lombard_Finance,https://lombard.finance,https://cdn.prod.website-files.com/669ade140a683001b9f7fd78/67b916331610ca8a55c3ed8f_Lombard_banner.webp,"Lombard connects Bitcoin to every chain, defi protocol, and yield opportunity via LBTC. LBTC currently has $1.9B+ in deposits.",No,
LootGO,https://cdn.prod.website-files.com/669ade140a683001b9f7fd78/67b9163ce0429ca00f50873e_LootGO_logo.webp,App,Gaming,https://x.com/lootgo_official,https://lootgo.app,https://cdn.prod.website-files.com/669ade140a683001b9f7fd78/67b9163e89130464ea41cda8_LootGO_banner.webp,LootGO is a free walk-to-earn mobile app turning your daily life into a treasure hunt for next 100x memecoins.,No,
Lootify,https://cdn.prod.website-files.com/669ade140a683001b9f7fd78/67bebc5c47f06f070fbb11bd_lootify.webp,App,Gaming,https://x.com/Lootify_xyz,https://beta.lootify.xyz/,https://cdn.prod.website-files.com/669ade140a683001b9f7fd78/67bebc5fc3129d45e63750cf_lootify%20b.webp,"Lootify is a lootbox platform on Monad, offering NFTs, gaming assets, and tokenized trading cards as rewards.",Yes,
Lumiterra,https://cdn.prod.website-files.com/669ade140a683001b9f7fd78/689f814d36a7d97c9a6b7bd8_logo.webp,App,AI,https://x.com/LumiterraGame,https://lumiterra.net,https://cdn.prod.website-files.com/669ade140a683001b9f7fd78/689f814d36a7d97c9a6b7bdb_background.webp,Lumiterra is the first agentic interactive multiplayer sandbox,No,
M0narch,https://cdn.prod.website-files.com/669ade140a683001b9f7fd78/6883e31a85ccb6f309a67727_4-01.webp,App,Betting,https://x.com/MonadM0narch,https://m0narch.xyz,https://cdn.prod.website-files.com/669ade140a683001b9f7fd78/6883e31a85ccb6f309a67734_1500500.webp,"Provably fair iGaming platform on Monad - every wager, outcome, and payout is secured on-chain.",Yes,
MERV,https://cdn.prod.website-files.com/669ade140a683001b9f7fd78/67b9164ba00e125f94a0513b_MERV_logo.webp,App,AI,https://x.com/merv_wtf,https://merv.wtf/,https://cdn.prod.website-files.com/669ade140a683001b9f7fd78/67b9164611a6f589667a3393_MERV_banner.webp,IP creation platform powered by AI.,No,
Mace,https://cdn.prod.website-files.com/669ade140a683001b9f7fd78/67b91d8d9fa4892d623b8b8a_mace%20logo.webp,App,DeFi,https://x.com/mace_ag,https://www.mace.ag/,https://cdn.prod.website-files.com/669ade140a683001b9f7fd78/67b91d8ef9180e8745b830a4_mace%20banner.webp,"Mace is a DEX aggregator on Monad that optimizes trades by routing through AMMs, orderbooks &amp; RFQ market makers for best execution.",Yes,
Mach Exchange,https://cdn.prod.website-files.com/669ade140a683001b9f7fd78/67cb75a3f18868e403582598_Mach-400x400.webp,App,DeFi,https://x.com/mach_exchange,https://mach.exchange,https://cdn.prod.website-files.com/669ade140a683001b9f7fd78/67cb75a3f18868e40358259b_1500x500-1-.jpeg,"Mach Exchange is a one click onboarding tool, allowing any users to instantly and securely onboard from any crypto asset on any chain.",No,
Madhouse,https://cdn.prod.website-files.com/669ade140a683001b9f7fd78/68474447f8592a42601ad218_Madhouse_PFP_400x400.webp,App,DeFi,https://x.com/usemadhouse,https://madhouse.ag/,https://cdn.prod.website-files.com/669ade140a683001b9f7fd78/68474447f8592a42601ad214_Madhouse_Ecosystem_1500x500.webp,Madhouse is a DEX aggregator on Monad that finds the best swap rates by routing trades across all major liquidity sources.,Yes,
Magic Eden,https://cdn.prod.website-files.com/669ade140a683001b9f7fd78/67b9165fb9188e59b9a6f675_Magic%20Eden_logo.webp,App,NFT,https://x.com/magiceden,https://magiceden.io/,https://cdn.prod.website-files.com/669ade140a683001b9f7fd78/67b9165d7095d061fc68eef0_Magic%20Eden_banner.webp,Magic Eden brings all chains and all assets together in one easy-to-use platform.,No,
Magma,https://cdn.prod.website-files.com/669ade140a683001b9f7fd78/67b9166595f6c765132080f7_Magma_logo.webp,App,DeFi,https://x.com/MagmaStaking,https://www.magmastaking.xyz/,https://cdn.prod.website-files.com/669ade140a683001b9f7fd78/67b916666b6cb4307d54557e_Magma_banner.webp,Magma is a Liquid Staking Protocol building the first Distributed Validator on Monad and developing MEV to reduce latency by up to 4x.,Yes,
Mahjong123,https://cdn.prod.website-files.com/669ade140a683001b9f7fd78/67b9166ed821392f193e4fd5_Mahjong123_logo.webp,App,Gaming,https://x.com/0xMJM,https://monad.mahjong123.io/,https://cdn.prod.website-files.com/669ade140a683001b9f7fd78/67b9166f048c532f61e000cd_Mahjong123_banner.webp,"Match tiles, progress through levels, boost your ranking, and get more airdrop rewards!",No,
Memesteroid,https://cdn.prod.website-files.com/669ade140a683001b9f7fd78/68f69b4d753f1c7638402824_logo-eco.webp,App,DeFi,https://x.com/memesteroid,https://memesteroid.fun,https://cdn.prod.website-files.com/669ade140a683001b9f7fd78/68f69b4d753f1c7638402828_banner1500x500-eco.webp,Memesteroid powers the full lifecycle of memecoins with prediction markets and perps from viral launch to maturity.,Yes,
Mentaport,https://cdn.prod.website-files.com/669ade140a683001b9f7fd78/67eff2c59473541e98a5deb4_mentaport-logo.webp,Infra,Identity,https://x.com/mentaportinc,https://www.mentaport.com,https://cdn.prod.website-files.com/669ade140a683001b9f7fd78/67eff2c59473541e98a5dea9_mentaport-landing-page.webp,Keep your creative works safe from the internet troublemakers.,No,
Meow Finance,https://cdn.prod.website-files.com/669ade140a683001b9f7fd78/6883e31d5763deb46e176906_MeowFi-Logo-400x400-black-1-.webp,App,DeFi,https://x.com/meowfi_,https://meowfi.xyz/,https://cdn.prod.website-files.com/669ade140a683001b9f7fd78/6883e31d5763deb46e176909_MeowFi_Banner.webp,The most capital and time-efficient liquidity infrastructure built to unlock additional layers of liquidity.,Yes,
Meta Leap,https://cdn.prod.website-files.com/669ade140a683001b9f7fd78/67b9167a9fa4892d62373abc_Meta%20Leap_logo.webp,App,Gaming,https://x.com/MetaLeap_io,https://metaleap.io/,https://cdn.prod.website-files.com/669ade140a683001b9f7fd78/67b9167d9fa4892d62373cf7_Meta%20Leap_banner.webp,Meta Leap is a plug-and-play AI Gaming solution that empowers developers to seamlessly onboard their Web2 games onto Web3 within 30 minutes.,No,
MetaKeep,https://cdn.prod.website-files.com/669ade140a683001b9f7fd78/67b916858330a99a870f5bdc_MetaKeep_logo.webp,Infra,"Account,Abstraction",https://x.com/metakeep,https://metakeep.xyz,https://cdn.prod.website-files.com/669ade140a683001b9f7fd78/67b9168583477f8bd77c78e8_MetaKeep_banner.webp,"Onboard 300x more users in 1 API call, 5 mins. The #1 self-custody infra for users &amp; AI is now on Monad—built by ex-GOOG, MSFT, X, META.",No,
Mflo,https://cdn.prod.website-files.com/669ade140a683001b9f7fd78/68d6e931832086d684a61615_Mflo_logo_400x.webp,App,Payments,https://x.com/mfloai,https://mflo.ai,https://cdn.prod.website-files.com/669ade140a683001b9f7fd78/68d6e931832086d684a61612_Mflo_background_1500x500.webp,"The Data Kernel for AI agents - by MCP and x402, enabling on-demand access across any datasets.",No,
MindAgentsAI,https://cdn.prod.website-files.com/669ade140a683001b9f7fd78/68e96f51ceca150235bab079_IMG_8830.jpeg,App,AI,https://x.com/MindAgentsAI,http://mindagents.net/,https://cdn.prod.website-files.com/669ade140a683001b9f7fd78/68e96f50ceca150235bab075_IMG_8831.jpeg,Dual-purpose platform: AI Agent Marketplace and a Decentralized Launchpad,Yes,
Mintpad,https://cdn.prod.website-files.com/669ade140a683001b9f7fd78/67b9168df6998cf242076fa0_Mintpad_logo.webp,App,NFT,https://x.com/mintpadco,https://mintpad.co/,https://cdn.prod.website-files.com/669ade140a683001b9f7fd78/67b9168e6561ec94bfa4998f_Mintpad_banner.webp,Mintpad makes it easy to start an NFT collection. All creators need is their artwork and a cryptocurrency wallet.,No,
Mobula,https://cdn.prod.website-files.com/669ade140a683001b9f7fd78/67b9169686bf1f948b427b62_Mobula_logo.webp,Infra,Indexer,https://x.com/Mobulaio,https://mobula.io,https://cdn.prod.website-files.com/669ade140a683001b9f7fd78/67b91697023891683685853e_Mobula_banner.webp,"Mobula provides Data APIs for dApps, blockchain analytics for foundations and warehousing for builders.",No,
MonadExplorer by BlockVision,https://cdn.prod.website-files.com/669ade140a683001b9f7fd78/67b916a989130464ea421461_MonadExplorer%20by%20BlockVision_logo.webp,Infra,Analytics,https://x.com/blockvisionhq,https://monadexplorer.com/,https://cdn.prod.website-files.com/669ade140a683001b9f7fd78/67b916ab89130464ea4215e4_MonadExplorer%20by%20BlockVision_banner.webp,"MonadExplorer is a block explorer built by BlockVision. It helps users analyze transactions, contracts, and network activity on Monad.",Yes,
Monadata AI,https://cdn.prod.website-files.com/669ade140a683001b9f7fd78/67b916ba84cbdc367d63b09c_Monadata%20AI_logo.webp,App,AI,https://x.com/monadata_ai,https://monadata.ai/,https://cdn.prod.website-files.com/669ade140a683001b9f7fd78/67b916bcb126dbefee7211ec_Monadata%20AI_banner.webp,"Monadata is an AI and Data Platform on Monad. Interact, Train, and Earn!",Yes,Inactive + Website NA
Monday Trade,https://cdn.prod.website-files.com/669ade140a683001b9f7fd78/6834a164bf63f433352200ac_logo400x400.webp,App,DeFi,https://x.com/MondayTrade_,https://monday.trade/,https://cdn.prod.website-files.com/669ade140a683001b9f7fd78/6834a164bf63f433352200af_twitter.webp,Monday Trade is Monad’s native spot DEX combining the precision of a fully on-chain order book with the simplicity of AMMs.,No,
Monorail,https://cdn.prod.website-files.com/669ade140a683001b9f7fd78/67b9170173996311554e7bc6_Monorail_logo.webp,App,DeFi,https://x.com/monorail_xyz,https://monorail.xyz,https://cdn.prod.website-files.com/669ade140a683001b9f7fd78/67b91702be2243a8e820b2af_Monorail_banner.webp,Trade anything across Monad. Monorail is the first aggregator to combine onchain orderbooks and AMMs to give you the best trade possible.,Yes,
Morpheus,https://cdn.prod.website-files.com/669ade140a683001b9f7fd78/6863135aaa23b039d89be2e6_logo-full-k.webp,App,DeFi,https://x.com/Morpheus_Farm,https://morpheus.farm,https://cdn.prod.website-files.com/669ade140a683001b9f7fd78/6863135baa23b039d89be31e_banner.webp,"Launch a token, trade, and market-make in one step with Morpheus - a Monad-based DEX using CMM and Wormhole NTT for cross-chain flow.",Yes,
Moseiki,https://cdn.prod.website-files.com/669ade140a683001b9f7fd78/67b9170ba00e125f94a0c562_Moseiki_logo.webp,App,Social,https://x.com/MoseikiApp,https://moseiki.app/,https://cdn.prod.website-files.com/669ade140a683001b9f7fd78/67b9170caf1ff23f24a7847b_Moseiki_banner.webp,Moseiki is Web3 Social Networking Application that merges the familiar experience of Web2 with the financial power of blockchain.,No,
Mozi,https://cdn.prod.website-files.com/669ade140a683001b9f7fd78/67b91713c0e02b5b7bf17fa6_Mozi_logo.webp,App/Infra,Social,https://x.com/mozifinance,https://mozi.finance/,https://cdn.prod.website-files.com/669ade140a683001b9f7fd78/67b91714f454824cadfc031c_Mozi_banner.webp,"MOZI is a next-generation social trading platform built on Monad, it combines a Web Wallet with powerful social trading tools.",Yes,
Mu Digital,https://cdn.prod.website-files.com/669ade140a683001b9f7fd78/67b917246e9a2707acfc32e2_Mu%20Digital_logo.webp,App,DeFi,https://x.com/MuDigitalHQ,https://mudigital.net/,https://cdn.prod.website-files.com/669ade140a683001b9f7fd78/67b91725c0e02b5b7bf189e3_Mu%20Digital_banner.webp,RWA protocol bringing Asia's Best Yields Onchain.,Yes,
Multipli.fi,https://cdn.prod.website-files.com/669ade140a683001b9f7fd78/67b91733859d08f0b8d98cf6_Multipli.fi_logo.webp,App,DeFi,https://x.com/multiplifi,https://multipli.fi/,https://cdn.prod.website-files.com/669ade140a683001b9f7fd78/67b91735e21ffe4d10532ad6_Multipli.fi_banner.webp,Multipli is a Zk based yield protocol specifically designed for making yield on traditionally non-yield bearing assets.,No,
Multisynq,https://cdn.prod.website-files.com/669ade140a683001b9f7fd78/6878165ed21cf891079ce3c7_multisynq%20logo%20kxXecY0r_400x400.webp,App/Infra,DePIN,https://x.com/multisynq,https://multisynq.io/,https://cdn.prod.website-files.com/669ade140a683001b9f7fd78/687816619e7ebd9c2ba23da0_multisynq%20banner%201500x500%20(1).webp,"The first shared, real-time application layer of the internet. A decentralized network where every app is multiplayer by default.",Yes,
NADSA,https://cdn.prod.website-files.com/669ade140a683001b9f7fd78/68b20be49797d18c63a72c2f_nadsa-logo.webp,App,DeFi,https://x.com/0xNADSA,https://nadsa.space,https://cdn.prod.website-files.com/669ade140a683001b9f7fd78/68b20be49797d18c63a72c2c_nadsa-banner.webp,NADSA is the purpose-built command center for seamless exploration on Monad.,Yes,
NFTs2Me,https://cdn.prod.website-files.com/669ade140a683001b9f7fd78/67b917409fa4892d6237dc33_NFTs2Me_logo.webp,App,NFT,https://x.com/NFTs2Me,http://nfts2me.com/app/monad-testnet/,https://cdn.prod.website-files.com/669ade140a683001b9f7fd78/67b91741ab78b729a9235c7d_NFTs2Me_banner.webp,"NFTs2Me is a user-friendly comprehensive platform to create, deploy and manage your NFT collection on Monad, 100% free.",No,
NXTchain,https://cdn.prod.website-files.com/669ade140a683001b9f7fd78/68f69b4c2914de7af9a367b0_NXTchain_Monad_LOGO.webp,App,DePIN,https://x.com/NXT_chain,https://www.nxtchain.com,https://cdn.prod.website-files.com/669ade140a683001b9f7fd78/68f69b4c2914de7af9a367b3_NXTchain_Monad_BG.webp,NXTchain empowers anyone to join the decentralized cloud through plug-and-play devices or data center ownership.,Yes,
Nabla Finance,https://cdn.prod.website-files.com/669ade140a683001b9f7fd78/67b9174a6ae7e18300e1b1b2_Nabla%20Finance_logo.webp,App,DeFi,https://x.com/nablafi,https://www.nabla.fi,https://cdn.prod.website-files.com/669ade140a683001b9f7fd78/67b9174b8f00b5fa4ab712b3_Nabla%20Finance_banner.webp,Nabla Finance is a yield protocol where the yield is generated by the hyper-efficient Nabla AMM.,No,
Nad.fun,https://cdn.prod.website-files.com/669ade140a683001b9f7fd78/67b91753fc64a6c6e43c16e3_Nad.fun_logo.webp,App,DeFi,https://x.com/naddotfun,https://testnet.nad.fun,https://cdn.prod.website-files.com/669ade140a683001b9f7fd78/67b91754f9180e8745b48efe_Nad.fun_banner.webp,"Nad.fun is a Social Memecoin Playground powered by Monad, enabling seamless token launches and trading.",Yes,
NadSmith,https://cdn.prod.website-files.com/669ade140a683001b9f7fd78/67b9175d84cbdc367d64277c_NadSmith_logo.webp,App,AI,https://x.com/NadSmith_,https://nadsmith.ai/,NONE,AI Agent OS on Monad | Tokenizing Agents &amp; Automating Markets - built exclusively on Monad.,Yes,
Narrative,https://cdn.prod.website-files.com/669ade140a683001b9f7fd78/68965da65527ff3384f1c059_narrative%206R7oJYe6_400x400.webp,App,DeFi,https://x.com/narrativexyz,https://www.testnet.narrative.xyz/,https://cdn.prod.website-files.com/669ade140a683001b9f7fd78/68965d4424485e6a8ec2d656_8.6.webp,Perpetual information markets,Yes,Inactive + Website NA
Narwhal Finance,https://cdn.prod.website-files.com/669ade140a683001b9f7fd78/67b9176689130464ea4285d6_Narwhal%20Finance_logo.webp,App,DeFi,https://x.com/Narwhal_Finance,https://testnet.narwhal.finance/,https://cdn.prod.website-files.com/669ade140a683001b9f7fd78/67b91765b126dbefee72cdc5_Narwhal%20Finance_banner.webp,Narwhal Finance is an AI-driven decentralized perpetual trading platform exclusively on Monad. Backed by Jump Crypto and CMS Holdings.,Yes,
Neverland,https://cdn.prod.website-files.com/669ade140a683001b9f7fd78/68d6e9319f6a7484c5ec014c_nvr_logo.webp,App,DeFi,https://x.com/neverland_money,https://neverland.money,https://cdn.prod.website-files.com/669ade140a683001b9f7fd78/68d6e9319f6a7484c5ec0149_1500x500.webp,"Neverland is a Monad-native lending protocol blending Aave V3 security with novel veTokenomics, self-repaying loans &amp; yield strategies.",Yes,
Nillion,https://cdn.prod.website-files.com/669ade140a683001b9f7fd78/67b9177f779fac86351cf9da_Nillion_logo.webp,Infra,AI,https://x.com/nillion,http://www.nillion.com,https://cdn.prod.website-files.com/669ade140a683001b9f7fd78/67b9177ed052009891787b62_Nillion_banner.webp,Humanity's first blind computer. The internet’s base layer for all private data.,No,
Nitro by Router Protocol,https://cdn.prod.website-files.com/669ade140a683001b9f7fd78/67b9178c02389168368647c9_Nitro%20by%20Router%20Protocol_logo.webp,Infra,Cross-Chain,https://x.com/routerprotocol,https://app.routernitro.com/swap,https://cdn.prod.website-files.com/669ade140a683001b9f7fd78/67b9178df6998cf24208281a_Nitro%20by%20Router%20Protocol_banner.webp,"Nitro is an intent-based bridge, provides fast, cheap bridges and swaps between 30+ chains",No,
NitroFinance,https://cdn.prod.website-files.com/669ade140a683001b9f7fd78/67b917961e79a03f6da6f980_NitroFinance_logo.webp,App,DeFi,https://x.com/NitroFinance,https://nitrofinance.xyz/,https://cdn.prod.website-files.com/669ade140a683001b9f7fd78/67b9179789130464ea42be06_NitroFinance_banner.webp,NitroFinance: An AMM on steroids—fusing DEX and Money Market into one pool to maximize efficiency and simplify liquidity management.,Yes,
Nomas Wallet,https://cdn.prod.website-files.com/669ade140a683001b9f7fd78/67b917a1f0b471b3c1becebb_Nomas%20Wallet_logo.webp,Infra,"Account,Abstraction",https://x.com/NomasWalletReal,https://nomaswallet.com/,https://cdn.prod.website-files.com/669ade140a683001b9f7fd78/67b9179f5d51b1bcd91d4149_Nomas%20Wallet_banner.webp,Reinvent the Web3 experience. Powered by AI.,No,
Nostra,https://cdn.prod.website-files.com/669ade140a683001b9f7fd78/67b917a7f454824cadfc6ab1_Nostra_logo.webp,App,DeFi,https://x.com/nostrafinance,https://monad.nostra.finance/lend-borrow,https://cdn.prod.website-files.com/669ade140a683001b9f7fd78/67b917a995f6c7651321abbc_Nostra_banner.webp,"Nostra is the crypto Super App where users can lend, borrow, swap and bridge cryptocurrencies.",No,
Notifi,https://cdn.prod.website-files.com/669ade140a683001b9f7fd78/67b917b1d9acff4898218bb3_Notifi_logo.webp,Infra,"Dev,Tooling",https://x.com/NotifiNetwork,https://notifi.network/,https://cdn.prod.website-files.com/669ade140a683001b9f7fd78/67b917b25075b90f1689eb7e_Notifi_banner.webp,"Real-time, white-labeled alerts for on/off-chain events (loan health, liquidity, etc.) in DeFi via email, Telegram, Discord, &amp; more.",No,
Noves,https://cdn.prod.website-files.com/669ade140a683001b9f7fd78/6883e31a3cf8aec80270f6e0_noves-logo.webp,Infra,"Dev,Tooling",https://x.com/noves_fi,https://noves.fi,https://cdn.prod.website-files.com/669ade140a683001b9f7fd78/6883e31a3cf8aec80270f6e3_noves-banner.webp,"With Noves, users can get financial-grade onchain data on Monad: clean, reconciled, and standardized, for tax, accounting, and finance.",No,
Nubila,https://cdn.prod.website-files.com/669ade140a683001b9f7fd78/68e035995a5f630974e62baa_nubila_logo_400-400.webp,App,AI,https://x.com/nubilanetwork,https://nubila.ai/,https://cdn.prod.website-files.com/669ade140a683001b9f7fd78/68e035995a5f630974e62bad_1500x500.webp,Nubila is building the physical perception layer for the autonomous economy and AI.,No,
Nunchi,https://cdn.prod.website-files.com/669ade140a683001b9f7fd78/68ceb77f687b9b48c01abe3c_nunchi_logo_400x400.webp,App,DeFi,https://x.com/nunchi,https://nunchi.trade/,https://cdn.prod.website-files.com/669ade140a683001b9f7fd78/68ceb77f687b9b48c01abe3f_nunchi_1500x500.webp,A perpetuals exchange for the invisible currents of finance. Long or short any yield. Sense the unsaid. Trade the unseen.,No,
OKX Explorer,https://cdn.prod.website-files.com/669ade140a683001b9f7fd78/67b917bcd9acff4898219311_OKX%20Explorer_logo.webp,Infra,Analytics,https://x.com/okxexplorer,https://www.okx.com/web3/explorer,https://cdn.prod.website-files.com/669ade140a683001b9f7fd78/67b917bef6998cf242083de7_OKX%20Explorer_banner.webp,"All-In-One blockchain explorer, supporting 60+ blockchains, with OpenAPI and EaaS to securely explore and build onchain.",No,
OKX Wallet,https://cdn.prod.website-files.com/669ade140a683001b9f7fd78/67b917c5d052009891789dd4_OKX%20Wallet_logo.webp,Infra,Wallet,https://x.com/wallet,https://www.okx.com/web3,https://cdn.prod.website-files.com/669ade140a683001b9f7fd78/67b917c873996311554ef5ae_OKX%20Wallet_banner.webp,OKX Wallet is your all-in-one gateway to the Web3 world.,No,
OSL Pay,https://cdn.prod.website-files.com/669ade140a683001b9f7fd78/68fe71a61a4eecacc687e166_D_h84D3s_400x400.webp,Infra,Onramp,https://x.com/oslpay,https://www.osl-pay.com/,https://cdn.prod.website-files.com/669ade140a683001b9f7fd78/68fe71a61a4eecacc687e171_1500x500-2.webp,"OSL Pay, the licensed payments arm of OSL Group, delivers secure, compliant digital-to-fiat conversion for global clients.",No,
OctoSwap,https://cdn.prod.website-files.com/669ade140a683001b9f7fd78/67ce4ceb5a19b9c6f4206ffa_octoswap%20logo.webp,App,DeFi,https://x.com/octoswapdex,https://octo.exchange,https://cdn.prod.website-files.com/669ade140a683001b9f7fd78/67ce4cf1eb2c11cb1c3b90bc_octoswap.webp,OctoSwap offers lightning-fast token swaps and capital-efficient liquidity pools with a user friendly interface.,Yes,
Omnia,https://cdn.prod.website-files.com/669ade140a683001b9f7fd78/6878162dca7c1699923aaaba_omnia_400x400.webp,App,NFT,https://x.com/ExploreOmnia,https://www.omnia.lol/,https://cdn.prod.website-files.com/669ade140a683001b9f7fd78/6878162f2e58f4023f2fae19_omnia%20background%201500x500%20(1).webp,"Omnia is a pet battle and adventure game, built by the Sappy Seals team.",Yes,
Opals,https://cdn.prod.website-files.com/669ade140a683001b9f7fd78/67b917cf048c532f61e10d6c_Opals_logo.webp,App,Social,https://x.com/Opals_io,https://opals.io/,https://cdn.prod.website-files.com/669ade140a683001b9f7fd78/67b917d1e882d110b44cba74_Opals_banner.webp,Opals: Kickstarter meets NFTs for projects. Buy cards → auto-launch when funded → cards claim tokens + rewards. Discover gems.,Yes,
OpenOcean,https://cdn.prod.website-files.com/669ade140a683001b9f7fd78/67b917d86561ec94bfa55cab_OpenOcean_logo.webp,App,DeFi,https://x.com/OpenOceanGlobal,https://openocean.finance/,https://cdn.prod.website-files.com/669ade140a683001b9f7fd78/67b917d91610ca8a55c50d3f_OpenOcean_banner.webp,"A leading DEX aggregator on 30+ chains, with its swap API powering 180+ projects like MetaMask, Rabby, Li.Fi, and more.",No,
OpenSea,https://cdn.prod.website-files.com/669ade140a683001b9f7fd78/67b917e1c3ad7da1ddf47a5b_OpenSea_logo.webp,App,NFT,https://x.com/opensea,https://opensea.io/,https://cdn.prod.website-files.com/669ade140a683001b9f7fd78/67b917e2f0b471b3c1bef3d0_OpenSea_banner.webp,"The largest NFT marketplace. Buy, sell, &amp; discover the internet of goods.",No,
Orbiter Finance,https://cdn.prod.website-files.com/669ade140a683001b9f7fd78/67b917eee21ffe4d1053ae79_Orbiter%20Finance_logo.webp,Infra,Cross-Chain,https://x.com/Orbiter_Finance,https://www.orbiter.finance/,https://cdn.prod.website-files.com/669ade140a683001b9f7fd78/67b917ed83477f8bd77d6444_Orbiter%20Finance_banner.webp,"Orbiter Finance is a decentralized cross-rollup bridge that offers secure, low cost and almost instant transfer.",No,
Orderly,https://cdn.prod.website-files.com/669ade140a683001b9f7fd78/67b917fa6561ec94bfa5749f_Orderly_logo.webp,App/Infra,DeFi,https://x.com/orderlynetwork,https://orderly.network/,https://cdn.prod.website-files.com/669ade140a683001b9f7fd78/67b917fb1610ca8a55c520be_Orderly_banner.webp,"Infra that lets anyone trade anything, anywhere. Our permissionless liquidity layer provides deep, unified liquidity via a shared orderbook.",No,
Orochi Network,https://cdn.prod.website-files.com/669ade140a683001b9f7fd78/67b91804e882d110b44cdd60_Orochi%20Network_logo.webp,Infra,Oracle,https://x.com/OrochiNetwork,http://www.orochi.network/,https://cdn.prod.website-files.com/669ade140a683001b9f7fd78/67b918055075b90f168a20e1_Orochi%20Network_banner.webp,"Orochi Network is the world’s first Verifiable Data Infrastructure, addressing scalability, privacy, and data integrity challenges.",No,
Outpost Surge,https://cdn.prod.website-files.com/669ade140a683001b9f7fd78/67e316a927462cd6dc6aa4ad_logo-os.webp,App,Gaming,https://x.com/OutpostSurge,https://www.outpostsurge.com/,https://cdn.prod.website-files.com/669ade140a683001b9f7fd78/67e316a927462cd6dc6aa4b2_1500x500-4-.webp,"A city-building society survival game on Mars. Manage resources, grow your outpost, and earn rewards.",No,
Owlto Finance,https://cdn.prod.website-files.com/669ade140a683001b9f7fd78/67b9180e83477f8bd77d871e_Owlto%20Finance_logo.webp,App,DeFi,https://x.com/Owlto_Finance,https://owlto.finance/,https://cdn.prod.website-files.com/669ade140a683001b9f7fd78/67b9180f6ae7e18300e22899_Owlto%20Finance_banner.webp,Owlto Finance is an intent-centric interoperability protocol - bridge the world with AI agents.,No,
PLAY Network,https://cdn.prod.website-files.com/669ade140a683001b9f7fd78/67b9181d8f00b5fa4ab7a863_PLAY%20Network_logo.webp,App/Infra,Gaming,https://x.com/0xplay_network,https://www.theplay.network/,https://cdn.prod.website-files.com/669ade140a683001b9f7fd78/67b9181bab78b729a924a14b_PLAY%20Network_banner.webp,"PLAY turbocharges games with crypto rails. Any game, any chain.",No,
POINK,https://cdn.prod.website-files.com/669ade140a683001b9f7fd78/67efe13fe05410f903a927d9_Screenshot%202025-04-03%20at%2012.37.33%E2%80%AFPM.webp,Infra,"Other,Infra",https://x.com/poinkofficial,https://poink.xyz/,https://cdn.prod.website-files.com/669ade140a683001b9f7fd78/67efe1413f6ff09f41971a60_1500x500.webp,"Poink lets users interact with Web3 directly on X (Twitter), helping dapps onboard users directly from X.",No,
PancakeSwap,https://cdn.prod.website-files.com/669ade140a683001b9f7fd78/67b918ac779fac86351e1b2f_Pancakeswap%20Logo.webp,App,DeFi,https://x.com/PancakeSwap,https://pancakeswap.finance/,https://cdn.prod.website-files.com/669ade140a683001b9f7fd78/67b9188d5d51b1bcd91df395_PancakeSwap-Banner.webp,"Trade and earn crypto on the all-in-one decentralized exchange. Enjoy low fees, high liquidity, and a user-friendly interface.",No,
Pangea,https://cdn.prod.website-files.com/669ade140a683001b9f7fd78/67b918fbe0429ca00f52460d_Pangea_logo.webp,Infra,Indexer,https://x.com/In_Pangea,https://pangea.foundation/,https://cdn.prod.website-files.com/669ade140a683001b9f7fd78/67b918fbd031c30308e92055_Pangea_banner.webp,"Pangea is the immersive web3 environment, a trustless data network to explore and interact with blockchains, enabling the best experience.",No,
Para,https://cdn.prod.website-files.com/669ade140a683001b9f7fd78/67b9190489130464ea441071_Para_logo.webp,Infra,"Account,Abstraction",https://x.com/get_para,https://getpara.com,https://cdn.prod.website-files.com/669ade140a683001b9f7fd78/67b91905ab78b729a92534e8_Para_banner.webp,Para is the easiest and most secure way to onboard all your users and support them throughout their crypto journey.,No,
Pecker,https://cdn.prod.website-files.com/669ade140a683001b9f7fd78/68966e755af8bc2db3ee374a_pecker%20logo%20.webp,App,DeFi,https://x.com/pecker_so,https://pecker.so,https://cdn.prod.website-files.com/669ade140a683001b9f7fd78/68966e7ce3a542ddd633928c_pecker%20banner.webp,"Pecker is a liquidity layer on Monad for stables and LSTs, solving fragmentation slippage and yield inefficiency with unified tokens",Yes,
Peridot,https://cdn.prod.website-files.com/669ade140a683001b9f7fd78/6883e31aba83cb513135eaee_NEW-LOGO-CUBE-400x400.webp,App,DeFi,https://x.com/peridotprotocol,https://peridot.finance/,https://cdn.prod.website-files.com/669ade140a683001b9f7fd78/6883e31aba83cb513135eaf1_X-Banner-Secondary-BG.webp,Peridot Protocol is a Cross-Chain Money Market enabling seamless Lending &amp; Borrowing across all integrated Blockchains,No,
Permute Finance,https://cdn.prod.website-files.com/669ade140a683001b9f7fd78/68e96f513a156f995f3de133_Logo-WebP-400x400-.webp,Infra,Cross-Chain,https://x.com/permute_finance,https://permute.finance/,https://cdn.prod.website-files.com/669ade140a683001b9f7fd78/68e96f513a156f995f3de12f_Cover_correct_dimension.webp,"Permute is a native Bitcoin bridge for secure, low-cost BTC cross-chain swaps &amp; more with 0.1% fees and non-custodial security.",No,
Perpl,https://cdn.prod.website-files.com/669ade140a683001b9f7fd78/6878163e0a3904f124992455_Perpl_400x400.webp,App,DeFi,https://x.com/perpltrade,https://perpl.xyz/,https://cdn.prod.website-files.com/669ade140a683001b9f7fd78/6878163c2dfad1e468c0d11f_Perpl%201500x500%20(1).webp,Perpl is a CLOB‑based perpetual futures DEX.,Yes,
Phantom,https://cdn.prod.website-files.com/669ade140a683001b9f7fd78/67b9190b6ae7e18300e2ad13_Phantom_logo.webp,Infra,Wallet,https://x.com/phantom,https://phantom.com/,https://cdn.prod.website-files.com/669ade140a683001b9f7fd78/67b9190dc1a6a111c7212374_Phantom_banner.webp,The friendly crypto wallet built for DeFi &amp; NFTs.,No,
Pimlico,https://cdn.prod.website-files.com/669ade140a683001b9f7fd78/67b9191884cbdc367d659a3d_Pimlico_logo.webp,Infra,"Account,Abstraction",https://x.com/pimlicoHQ,https://www.pimlico.io,https://cdn.prod.website-files.com/669ade140a683001b9f7fd78/67b91916c3ad7da1ddf53534_Pimlico_banner.webp,"Pimlico provides a suite of tools and services to help you build, deploy, and manage smart accounts on EVM-compatible chains.",No,
Pingu Exchange,https://cdn.prod.website-files.com/669ade140a683001b9f7fd78/67b91927ab78b729a9254691_Pingu%20Exchange_logo.webp,App,DeFi,https://x.com/PinguExchange,https://pingu.exchange/,https://cdn.prod.website-files.com/669ade140a683001b9f7fd78/67b91925ab78b729a925454d_Pingu%20Exchange_banner.webp,"Pingu Exchange is a fully on-chain, coin-margined Perp DEX with top-tier performance for traders of all sizes to access global markets.",No,
Plato,https://cdn.prod.website-files.com/669ade140a683001b9f7fd78/687ef16c4c7798264cddcd2c_Plato%20Logo%20-%20WhiteBackgd.webp,App,Social,https://x.com/plato2earn,https://m.getplato.app/monad,https://cdn.prod.website-files.com/669ade140a683001b9f7fd78/67b9192fc0e02b5b7bf2de8f_Plato_banner.webp,"SocialFi for dining, making eating fun, engaging, and social.",Yes,
PolyFlow,https://cdn.prod.website-files.com/669ade140a683001b9f7fd78/6878157fd689191cf9e81382_polyfi%20logo_400x400.webp,App,RWA,https://x.com/Polyflow_PayFi,https://app.polyflow.tech/,https://cdn.prod.website-files.com/669ade140a683001b9f7fd78/6878157cb0e6797254c8ec2f_polyflow%20background%201500x500%20(1).webp,PayFi protocol linking RWAs with DeFi.,No,
Poply,https://cdn.prod.website-files.com/669ade140a683001b9f7fd78/67cb75a56fa2925b3b2e9a89_popy-logo.webp,App,NFT,https://x.com/poply_xyz,https://poply.xyz,https://cdn.prod.website-files.com/669ade140a683001b9f7fd78/67cb75a56fa2925b3b2e9a9e_poply-banner.webp,Community-based NFT marketplace where anyone can generate custom NFT collections using an integrated AI engine.,Yes,
Poster.fun,https://cdn.prod.website-files.com/669ade140a683001b9f7fd78/6863135b0d47a347f77313fc_poster-logo-webp.webp,App,Social,https://x.com/Posterdotfun,https://www.poster.fun/,https://cdn.prod.website-files.com/669ade140a683001b9f7fd78/6863135b0d47a347f7731405_Poster-Twitter-banner-7-.webp,"Poster.fun: the full-stack meme studio powered by Info-Fi™—mint in seconds, track on-chain virality, and pocket tips &amp; bounties.",No,
Primex Finance,https://cdn.prod.website-files.com/669ade140a683001b9f7fd78/67d3a0a714e1d6afadc6f5f0_Primex-Logo-Square-400px.webp,App,DeFi,https://x.com/primex_official,https://primex.finance/,https://cdn.prod.website-files.com/669ade140a683001b9f7fd78/67d3a0a714e1d6afadc6f5f6_Banner.webp,Primex Finance is a leveraged farming &amp; trading protocol offering top APYs &amp; margin trading for unlimited tokens on DEXs.,No,
Primus,https://cdn.prod.website-files.com/669ade140a683001b9f7fd78/67b9193884cbdc367d65b04b_Primus_logo.webp,Infra,Zero-Knowledge,https://x.com/primus_labs,https://primuslabs.xyz/,https://cdn.prod.website-files.com/669ade140a683001b9f7fd78/67b91939d05200989179a72e_Primus_banner.webp,"Primus enables secure AI operations and data processing with zkTLS and zkFHE, driving blockchain innovation.",No,
Privy,https://cdn.prod.website-files.com/669ade140a683001b9f7fd78/67b919421610ca8a55c5fc53_Privy_logo.webp,Infra,"Account,Abstraction",https://x.com/privy_io,http://privy.io,https://cdn.prod.website-files.com/669ade140a683001b9f7fd78/67b91943d821392f194081e7_Privy_banner.webp,"Privy helps onboard any user to crypto. Power flexible, powerful wallets under the hood for any application.",No,
Proof-of-Skill,https://cdn.prod.website-files.com/669ade140a683001b9f7fd78/67cb7895e1046bc1bf640a67__0FqUZLR_400x400.webp,App,"Other,Apps",https://x.com/proofofskill,https://proofofskill.org,https://cdn.prod.website-files.com/669ade140a683001b9f7fd78/67cb75a516c2025d35bf2f11_group_48096052.png,"A protocol to verify real-world skills along with ID &amp; work history, enabling faster, smarter skill-based hiring.",Yes,
Puffer Finance,https://cdn.prod.website-files.com/669ade140a683001b9f7fd78/684744a42813b10b0fd35bf9_puffer%20.webp,App,DeFi,https://x.com/Puffer_Finance,https://linktr.ee/puffer_finance,NONE,"Puffer Finance is a leading liquid staking protocol that lets users stake $ETH, receive $pufETH, and access DeFi opportunities.",No,
PumpBTC,https://cdn.prod.website-files.com/669ade140a683001b9f7fd78/67b91e8ee0429ca00f558bb8_PumpBTC%20logo.webp,App,AI,https://x.com/Pumpbtcxyz,https://testnet.pumpbtc.xyz/,https://cdn.prod.website-files.com/669ade140a683001b9f7fd78/67b91e8c6561ec94bfa97fdb_pumpBTC%20banner.webp,"PumpBTC’s aim to allow Bitcoin holders to maximize their returns by participating in DeFi with security, scalability, and transparency.",No,
Purps,https://cdn.prod.website-files.com/669ade140a683001b9f7fd78/67e316aa60595f10c8613edb_Monda-Logo-400x400.webp,App,DeFi,https://x.com/PurpsExchange,https://www.purps.xyz/,https://cdn.prod.website-files.com/669ade140a683001b9f7fd78/682acfc9a3a8f6e2335cda9b_photo_2025-05-08_23-05-50_720.webp,"A perpetual DEX and liquidity hub on Monad, offering deep liquidity, fast trading, and support for native projects.",Yes,
Pyth Network,https://cdn.prod.website-files.com/669ade140a683001b9f7fd78/67b9194dd821392f1940877b_Pyth%20Network_logo.webp,Infra,Oracle,https://x.com/PythNetwork,http://pyth.network,https://cdn.prod.website-files.com/669ade140a683001b9f7fd78/67b91950d821392f194088b9_Pyth%20Network_banner.webp,The price layer of the global financial market.,No,
QuickNode,https://cdn.prod.website-files.com/669ade140a683001b9f7fd78/67b9195a048c532f61e234ea_QuickNode_logo.webp,Infra,RPC,https://x.com/QuickNode,https://www.quicknode.com/,https://cdn.prod.website-files.com/669ade140a683001b9f7fd78/67b9195ac1a6a111c7214f9a_QuickNode_banner.webp,"QuickNode provides blockchain infrastructure and tools for Web3 development, offering high-performance access to 60+ blockchains.",No,
Rabble,https://cdn.prod.website-files.com/669ade140a683001b9f7fd78/67b9196ae21ffe4d10555e75_Rabble_logo.webp,App,Social,https://x.com/0xRabble,https://app.rabble.pro/?utm=MONAD,https://cdn.prod.website-files.com/669ade140a683001b9f7fd78/67b9196afc64a6c6e43d5a95_Rabble_banner.webp,"Rabble is a MultiChain telegram client, now on Monad. Explore 1 click Monad DeFi apps baked into the Telegram social graph.",No,
RareBetSports,https://cdn.prod.website-files.com/669ade140a683001b9f7fd78/67b91971779fac86351e9c4d_RareBetSports_logo.webp,App,Betting,https://x.com/RareBetSports,https://rarelink.rarebetsports.io/,https://cdn.prod.website-files.com/669ade140a683001b9f7fd78/67b9197348ee25af9be22afd_RareBetSports_banner.webp,Building consumer sports applications powered by the RBS Oracle. Play RareLink and win up to 100x your crypto.,Yes,
Rayvo,https://cdn.prod.website-files.com/669ade140a683001b9f7fd78/6878156edcbd1ae880b0885f_rayvo%20Td0jPvVW_400x400.webp,App,DePIN,https://x.com/rayvo_xyz,https://rayvo.gitbook.io/rayvo,https://cdn.prod.website-files.com/669ade140a683001b9f7fd78/6878157170c067c1a9fcaff1_rayvo%201500x500.webp,"First web3 smart glasses that combine AI, decentralized data ownership, and wear-to-earn rewards.",Yes,
RedStone,https://cdn.prod.website-files.com/669ade140a683001b9f7fd78/67b91983af1ff23f24a96811_RedStone_logo.webp,Infra,Oracle,https://x.com/redstone_defi,https://www.redstone.finance/,https://cdn.prod.website-files.com/669ade140a683001b9f7fd78/67b9197d89130464ea445896_RedStone_banner.webp,"RedStone is the fastest-growing Modular Oracle, specializing in yield-bearing collateral for lending markets, such as LSTs, LRTs and BTCFi.",No,
Redbrick,https://cdn.prod.website-files.com/669ade140a683001b9f7fd78/67b9198c739963115550368b_Redbrick_logo.webp,App,Gaming,https://x.com/RedbrickLand,https://redbrick.land/monad,https://cdn.prod.website-files.com/669ade140a683001b9f7fd78/67b9198f6b6cb4307d56797d_Redbrick_banner.webp,Create. Play. Earn. Redbrick is a next-generation web3 gaming engine empowering creators to publish &amp; monetize their games.,No,
Relend Network,https://cdn.prod.website-files.com/669ade140a683001b9f7fd78/6883e31c7521ac0c5bd871ac_relend-logo-monad.webp,Infra,Stablecoin,https://x.com/relend_network,https://relend.network/,https://cdn.prod.website-files.com/669ade140a683001b9f7fd78/6883e31b7521ac0c5bd871a9_relend-monad-banner.webp,Relend Network supplies rUSDC into Monad money markets.,No,
Renzo,https://cdn.prod.website-files.com/669ade140a683001b9f7fd78/67b91999048c532f61e25f42_Renzo_logo.webp,App,DeFi,https://x.com/RenzoProtocol,https://www.renzoprotocol.com/,https://cdn.prod.website-files.com/669ade140a683001b9f7fd78/67b919988330a99a8711b6b8_Renzo_banner.webp,"Renzo simplifies restaking with AVS strategies for LRTs, supporting $ezETH, $pzETH, and $ezSOL on Ethereum &amp; Solana.",No,
Reown,https://cdn.prod.website-files.com/669ade140a683001b9f7fd78/67b919a50238916836880556_Reown_logo.webp,Infra,"Account,Abstraction",https://x.com/reown_,https://reown.com/,https://cdn.prod.website-files.com/669ade140a683001b9f7fd78/67b919a83a3a575251c71b64_Reown_banner.webp,"Reown gives developers the tools to build user experiences that make digital ownership effortless, intuitive, and secure.",No,
Reservoir,https://cdn.prod.website-files.com/669ade140a683001b9f7fd78/67b919b1f9180e8745b5f043_Reservoir_logo.webp,Infra,Indexer,https://x.com/reservoir0x,https://reservoir.tools/,https://cdn.prod.website-files.com/669ade140a683001b9f7fd78/67b919b4779fac86351ec334_Reservoir_banner.webp,Reservoir is a developer platform that lets you interact with the NFT market using a single toolkit.,No,
RgbClash,https://cdn.prod.website-files.com/669ade140a683001b9f7fd78/683481011635632a6270ac56_center_filled.webp,App,Gaming,https://x.com/rgbclash_xyz,https://rgbclash.xyz,https://cdn.prod.website-files.com/669ade140a683001b9f7fd78/683ec5094a13f49335363bed_photo_2025-06-03_17.09.50.webp,Unleash your creativity and draw your yield bearing NFTs. Play to earn with multiplayer drawing-guessing game.,No,
Rhino.fi,https://cdn.prod.website-files.com/669ade140a683001b9f7fd78/67b919bb7399631155504fcc_Rhino.fi_logo.webp,Infra,Cross-Chain,https://x.com/rhinofi,https://rhino.fi/,https://cdn.prod.website-files.com/669ade140a683001b9f7fd78/67b919bc5d51b1bcd91ece20_Rhino.fi_banner.webp,rhino.fi is the ultimate bridge for effortless multi-chain token movement.,No,
Rubic,https://cdn.prod.website-files.com/669ade140a683001b9f7fd78/67b919c5d9acff4898232d3f_Rubic_logo.webp,App,DeFi,https://x.com/CryptoRubic,https://testnet.rubic.exchange/,https://cdn.prod.website-files.com/669ade140a683001b9f7fd78/67b919c6c3ad7da1ddf5ab36_Rubic_banner.webp,Rubic. Your Best Rate Finder across 90+ chains and 360+ DEXs and bridges. For users and dApps.,No,
Rug Rumble,https://cdn.prod.website-files.com/669ade140a683001b9f7fd78/67b919cfd031c30308e9ae18_Rug%20Rumble_logo.webp,App,DeFi,https://x.com/RugRumble,http://rugrumble.xyz,https://cdn.prod.website-files.com/669ade140a683001b9f7fd78/67b919d06b6cb4307d569c60_Rug%20Rumble_banner.webp,"Gamifying the speculative memecoin landscape. Wager your memecoins, defend your banner, and win outsized returns.",Yes,
Rumi,https://cdn.prod.website-files.com/669ade140a683001b9f7fd78/68781565fc16fe318bea11a7_rumi%20zPdVic8R_400x400.webp,App,AI,https://x.com/RumiLabs_io,https://rumilabs.io/,https://cdn.prod.website-files.com/669ade140a683001b9f7fd78/6878156220a133701406a3ef_rumi%201500x500%20(1).webp,"Rumi enables users to watch, earn, and help build the future of AI-powered entertainment.",Yes,
SQD,https://cdn.prod.website-files.com/669ade140a683001b9f7fd78/67b919e49fa4892d62397880_SQD_logo.webp,Infra,Indexer,https://x.com/helloSQD,https://www.sqd.ai,https://cdn.prod.website-files.com/669ade140a683001b9f7fd78/67b919e36b6cb4307d56a631_SQD_banner.webp,"SQD enables permissionless, cost-efficient access to petabytes of high-value Web3 data.",No,
STAGE.fun,https://cdn.prod.website-files.com/669ade140a683001b9f7fd78/6875106c949bec27002cd3da_STAGE-400x400.png,App,Social,https://x.com/stagedotfun,https://stage.fun/,https://cdn.prod.website-files.com/669ade140a683001b9f7fd78/6875106c949bec27002cd3d7_STAGE-1500x500.png,STAGE.fun is a crowdfunding platform for festivals and events.,Yes,
SafePal,https://cdn.prod.website-files.com/669ade140a683001b9f7fd78/67c4e7769a93e78ca6b0d394_400-400_SafePal.webp,Infra,Wallet,https://x.com/iSafePal,https://www.safepal.com/,https://cdn.prod.website-files.com/669ade140a683001b9f7fd78/67c4e72cd927573fcfe57461_safepal%20banner.webp,"SafePal is a non-custodial crypto wallet suite (hardware, mobile, browser) backed by Animoca and Binance, serving 20M+ users.",No,
Scatter.art,https://cdn.prod.website-files.com/669ade140a683001b9f7fd78/6883f79d5ed6d256a4153b15_scatter%20logo%20.webp,App,NFT,https://x.com/scatter_art,https://www.scatter.art/,https://cdn.prod.website-files.com/669ade140a683001b9f7fd78/6883f7a81cd24a3b861310a2_scatter%20banner.webp,Scatter is an artist-first NFT launchpad enabling free artistic expression where VC-funded markets cannot.,No,
Sela Network,https://cdn.prod.website-files.com/669ade140a683001b9f7fd78/68966d42336d11a6c5b329ea_sela%20logo%20.webp,App,DePIN,https://x.com/SelaNetwork,https://www.selanetwork.io/,https://cdn.prod.website-files.com/669ade140a683001b9f7fd78/68966d48ecb4f9b082c64212_sela%20banner.webp,"With Sela Network, users run nodes, earn rewards &amp; power real transactions. Sela transforms idle computing power into a global data infrastructure",No,
Sherpa,https://cdn.prod.website-files.com/669ade140a683001b9f7fd78/6888280b254c67fbfb86411b_sherpa_logo.webp,App,DeFi,https://x.com/sherpa_trade,https://app.sherpa.trade/lander,https://cdn.prod.website-files.com/669ade140a683001b9f7fd78/6888280b254c67fbfb86411e_sherpa_banner-offset.webp,"On-chain automation made simple: users can leverage AI to trade, earn, and dominate the DeFi landscape strategically.",No,
Showdown,https://cdn.prod.website-files.com/669ade140a683001b9f7fd78/67b919f86e9a2707acfe0c32_Showdown_logo.webp,App/Infra,Gaming,https://x.com/showdown_gg,https://showdown.win/,https://cdn.prod.website-files.com/669ade140a683001b9f7fd78/67b919f75d51b1bcd91ef730_Showdown_banner.webp,Powering competitive gaming's future on Monad. Automated tournaments &amp; skill-based wagering for all gamers on their favorite gaming titles!,Yes,
Sidekick,https://cdn.prod.website-files.com/669ade140a683001b9f7fd78/67b91a007399631155507c62_Sidekick_logo.webp,App,Social,https://x.com/Sidekick_Labs,https://sidekick.fans/,https://cdn.prod.website-files.com/669ade140a683001b9f7fd78/67b91a019142d5944649063c_Sidekick_banner.webp,"Sidekick Protocol is a one-stop platform for asset distribution &amp; trading. Launch, distribute, and trade assets via live streaming.",No,
SkyTrade,https://cdn.prod.website-files.com/669ade140a683001b9f7fd78/67b91a2c1610ca8a55c6a07c_SkyTrade_logo.webp,App,RWA,https://x.com/SkyTradeNetwork,https://sky.trade,https://cdn.prod.website-files.com/669ade140a683001b9f7fd78/67b91a2d5d51b1bcd91f2304_SkyTrade_banner.webp,"SkyTrade lets you monetize your air rights, the legal right to use and control the space above buildings and land.",No,
Slogain,https://cdn.prod.website-files.com/669ade140a683001b9f7fd78/67b91a338330a99a87123905_Slogain_logo.webp,App,Social,https://x.com/SlogainDaily,https://monad.slogain.gg/,https://cdn.prod.website-files.com/669ade140a683001b9f7fd78/67b91a361e79a03f6da8b61f_Slogain_banner.webp,Post and Bump. Content Rewards Made Easy. Everyone has a stake in the content ecosystem. Each click translates into tangible recognition.,No,Inactive + Website NA
Solv Protocol,https://cdn.prod.website-files.com/669ade140a683001b9f7fd78/67c4e87fd61305b4e10c58a0_solv%20lo.webp,App,DeFi,https://x.com/SolvProtocol,https://solv.finance/,https://cdn.prod.website-files.com/669ade140a683001b9f7fd78/67c4e882e9484a5cfe524044_solv%20banner.webp,"Solv Protocol is the On-Chain Bitcoin Reserve, connecting TradFi, CeFi, and DeFi to unlock Bitcoin's $1T+ potential.",No,
Spine Finance,https://cdn.prod.website-files.com/669ade140a683001b9f7fd78/67b91a425075b90f168c2a31_Spine%20Finance_logo.webp,App,DeFi,https://x.com/spineprotocol,https://spine.finance/,https://cdn.prod.website-files.com/669ade140a683001b9f7fd78/67b91a3ef9180e8745b654d2_Spine%20Finance_banner.webp,"Instant, Efficient, and Flexible Fixed-Rate Money Markets.",No,
Sprout,https://cdn.prod.website-files.com/669ade140a683001b9f7fd78/68fe71a688d8e714a821b7f4_2AsmLCyj_400x400.webp,App,DeFi,https://x.com/sproutfi_xyz,https://www.sproutfi.xyz/,https://cdn.prod.website-files.com/669ade140a683001b9f7fd78/68fe71a688d8e714a821b7f7_1500x500.webp,"Yield app that helps users earn personalized DeFi yields matching risk tolerance, built for everyone.",No,
StakeStone,https://cdn.prod.website-files.com/669ade140a683001b9f7fd78/67b91a7d859d08f0b8dbbaa5_StakeStone_logo.webp,Infra,"Other,Infra",https://x.com/stake_stone,https://stakestone.io/,https://cdn.prod.website-files.com/669ade140a683001b9f7fd78/67b91a7c6e9a2707acfe54e5_StakeStone_banner.webp,"Omnichain liquidity infrastructure for yield-bearing assets, redistributing liquidity across chains and protocols through Liquidity Pad.",No,
Stargate,https://cdn.prod.website-files.com/669ade140a683001b9f7fd78/67b91a8de21ffe4d10563502_Stargate_logo.webp,App/Infra,DeFi,https://x.com/StargateFinance,https://stargate.finance/,https://cdn.prod.website-files.com/669ade140a683001b9f7fd78/67b91a8ef6998cf2420a4cfe_Stargate_banner.webp,Stargate is a fully composable liquidity transport protocol that lives at the heart of Omnichain DeFi.,No,
StationX,https://cdn.prod.website-files.com/669ade140a683001b9f7fd78/6883e31bd059f065788130eb_stnx_logo.webp,App,Social,https://x.com/stationxnetwork,https://stationx.network,https://cdn.prod.website-files.com/669ade140a683001b9f7fd78/6883e31bd059f065788130ee_stnx_banner.webp,StationX tokenises private investments - enabling users to join syndicates &amp; invest in deals,No,
Stork,https://cdn.prod.website-files.com/669ade140a683001b9f7fd78/67b91a95f9180e8745b69181_Stork_logo.webp,Infra,Oracle,https://x.com/StorkOracle,https://www.stork.network/,https://cdn.prod.website-files.com/669ade140a683001b9f7fd78/67b91a96e0429ca00f5326ce_Stork_banner.webp,"Stork, the fastest-growing oracle, offers over 355 real-time feeds for dApps, helping developers build Web2-level speed and efficiency.",No,
SubQuery,https://cdn.prod.website-files.com/669ade140a683001b9f7fd78/67b91a9dbe2243a8e82363fa_SubQuery_logo.webp,Infra,Indexer,https://x.com/SubQueryNetwork,https://subquery.network/,https://cdn.prod.website-files.com/669ade140a683001b9f7fd78/67b91a9e779fac86351f6840_SubQuery_banner.webp,"SubQuery’s infrastructure network offers everything from data indexers, RPCs and AI agents — all fully decentralised and production ready.",No,
Sumer,https://cdn.prod.website-files.com/669ade140a683001b9f7fd78/67b91aa6b9188e59b9aa3517_Sumer_logo.webp,App,DeFi,https://x.com/sumermoney,https://app.sumer.money,https://cdn.prod.website-files.com/669ade140a683001b9f7fd78/67b91aab8f00b5fa4ab976d9_Sumer_banner.webp,"Sumer unifies correlated/non-correlated asset lending, CDP synthetics, and bridge liquidity into a capital-efficient DeFi pool.",No,
Sunscreen,https://cdn.prod.website-files.com/669ade140a683001b9f7fd78/6863135baa6db2d22d376c0a_Sunscreen-Logos-Social-Frame.webp,Infra,Privacy,https://x.com/sunscreentech,https://sunscreen.tech/,https://cdn.prod.website-files.com/669ade140a683001b9f7fd78/6863135aaa6db2d22d376c07_Frame-1.webp,"Sunscreen transforms advanced FHE research into real-world cryptography tools, bringing post-quantum privacy to web3.",Yes,
Swaap,https://cdn.prod.website-files.com/669ade140a683001b9f7fd78/67b91ab56ae7e18300e3da8d_Swaap_logo.webp,App,DeFi,https://x.com/SwaapFinance,https://www.swaap.finance/,https://cdn.prod.website-files.com/669ade140a683001b9f7fd78/67b91ab47095d061fc6bfc21_Swaap_banner.webp,Swaap is the most efficient onchain liquidity source.,No,
Switchboard,https://cdn.prod.website-files.com/669ade140a683001b9f7fd78/67b91abd859d08f0b8dbe03c_Switchboard_logo.webp,Infra,Oracle,https://x.com/switchboardxyz,https://switchboard.xyz,https://cdn.prod.website-files.com/669ade140a683001b9f7fd78/67b91abc779fac86351f7774_Switchboard_banner.webp,"Switchboard is the largest customizable oracle network and first oracle aggregator, helping secure nearly $1.5B in value across 10+ chains.",No,
Swyrl Finance,https://cdn.prod.website-files.com/669ade140a683001b9f7fd78/6883e31a5f263ff733767dec_swyrl_logo.webp,App,DeFi,https://x.com/SwyrlFi,https://swyrl.finance/,https://cdn.prod.website-files.com/669ade140a683001b9f7fd78/6883e31a5f263ff733767df3_swyrl_banner-2-.webp,"Swyrl is a Monad-native DEX with dual AMMs and liquid staking, aligning users and protocols via ve(3,3)-driven governance.",Yes,
T3rn,https://cdn.prod.website-files.com/669ade140a683001b9f7fd78/680607ae08a85d835012cafc_t3rn%20logo.webp,Infra,Cross-Chain,https://x.com/t3rn_io,https://t3rn.io/,https://cdn.prod.website-files.com/669ade140a683001b9f7fd78/680607b149323df089f54b50_t3rn.webp,t3rn executes cross-chain transactions at the protocol layer — no need for wrapping assets or trusting third-party relayers.,No,
Tadle,https://cdn.prod.website-files.com/669ade140a683001b9f7fd78/67b91adbe21ffe4d10566ce8_Tadle_logo.webp,App,Social,https://x.com/tadle_com,https://tadle.com/en,https://cdn.prod.website-files.com/669ade140a683001b9f7fd78/67b91add84cbdc367d66fd4c_Tadle_banner.webp,"Tadle is a full-stack platform offering Points trading, Missions, and Odds Marketplaces to boost engagement, liquidity, and growth.",No,
Talentum,https://cdn.prod.website-files.com/669ade140a683001b9f7fd78/67b91ae8c0e02b5b7bf4286a_Talentum_logo.webp,App,Social,https://x.com/TalentumID,https://monad.talentum.id/,https://cdn.prod.website-files.com/669ade140a683001b9f7fd78/67b91ae63a3a575251c7dcd3_Talentum_banner.webp,Talentum is an attention layer focused on on-chain activities and credentials.,No,
Tally,https://cdn.prod.website-files.com/669ade140a683001b9f7fd78/67b91af25075b90f168cabc6_Tally_logo.webp,App,Governance,https://x.com/tallyxyz,https://www.tally.xyz/,https://cdn.prod.website-files.com/669ade140a683001b9f7fd78/67b91af16b6cb4307d576c5c_Tally_banner.webp,Tally is the industry standard for onchain governance.,No,
Tarobase,https://cdn.prod.website-files.com/669ade140a683001b9f7fd78/67b91af9f6998cf2420a8f14_Tarobase_logo.webp,Infra,"Dev,Tooling",https://x.com/0xtarobase,https://tarobase.com,NONE,Build on-chain apps with Tarobase—from Venmo &amp; Pump.fun clones to endless possibilities—without writing smart contracts.,Yes,
Terminal 3,https://cdn.prod.website-files.com/669ade140a683001b9f7fd78/67eff2c6563c6021491d9621_T3_LOGO.webp,Infra,Oracle,https://x.com/terminal3io,https://www.terminal3.io/,https://cdn.prod.website-files.com/669ade140a683001b9f7fd78/67eff2c6563c6021491d9617_T3-Banner.webp,Terminal 3 is Web3’s most powerful user identity and data oracle.,No,
Tezza Poker,https://cdn.prod.website-files.com/669ade140a683001b9f7fd78/682f7caa4bd8615922bce6a0_tezza.webp,App,Gaming,https://x.com/tezzapoker,https://t.me/playtezzapoker_bot,https://cdn.prod.website-files.com/669ade140a683001b9f7fd78/682f7cac4788b984140dfb05_tezza%20banner.webp,"Play, win, mint. Tezza Poker lets you compete free, earn Points, and claim NFTs—pure skill, real rewards.",Yes,
The Graph,https://cdn.prod.website-files.com/669ade140a683001b9f7fd78/67b91b019fa4892d623a2d04_The%20Graph_logo.webp,Infra,Indexer,https://x.com/graphprotocol,https://thegraph.com/,https://cdn.prod.website-files.com/669ade140a683001b9f7fd78/67b91affb9188e59b9aa71a6_The%20Graph_banner.webp,"The Graph is a decentralized protocol for indexing blockchain data, enabling developers to build web3 apps without managing infrastructure.",No,
The Vape Labs,https://cdn.prod.website-files.com/669ade140a683001b9f7fd78/67b91b0afc64a6c6e43e7e17_The%20Vape%20Labs_logo.webp,App,DePIN,https://x.com/thevapelabs,https://app.thevapelabs.io,https://cdn.prod.website-files.com/669ade140a683001b9f7fd78/67b91b0ac0e02b5b7bf43abb_The%20Vape%20Labs_banner.webp,"The Vape Labs pioneers DePIN x Vape2Earn with AI-powered smart vapes, rewarding users and providing anonymized data for public health.",No,
Thirdweb,https://cdn.prod.website-files.com/669ade140a683001b9f7fd78/67b91b13f6998cf2420a9d1d_Thirdweb_logo.webp,Infra,"Account,Abstraction",https://x.com/thirdweb,https://thirdweb.com/,https://cdn.prod.website-files.com/669ade140a683001b9f7fd78/67b91b146e9a2707acfebf17_Thirdweb_banner.webp,"thirdweb is a full-stack, open-source Web3 platform with SDKs, smart contracts, indexers &amp; wallets for EVM chains. Build &amp; scale apps fast!",No,
Timelock,https://cdn.prod.website-files.com/669ade140a683001b9f7fd78/68781555f2471af37cf9c74a_timelock%20goht1Ab-_400x400.webp,App,DeFi,https://x.com/Timelock_Trade,https://www.timelock.trade/,https://cdn.prod.website-files.com/669ade140a683001b9f7fd78/68781558a496d6d0155a2d82_timelock%201500x500%20(1).webp,"Timebound, liquidation free leverage.",Yes,
Timeswap,https://cdn.prod.website-files.com/669ade140a683001b9f7fd78/67b91b1f1610ca8a55c74c2d_Timeswap_logo.webp,App,DeFi,https://x.com/TimeswapLabs,https://timeswap.io/,https://cdn.prod.website-files.com/669ade140a683001b9f7fd78/67b91b206e9a2707acfec9fd_Timeswap_banner.webp,Timeswap is the first oracleless lending/borrowing protocol — enabling the creation of money markets for ANY ERC20 tokens.,No,
TokenPocket,https://cdn.prod.website-files.com/669ade140a683001b9f7fd78/67bebce03f2e46a263da186f_token%20banner.webp,Infra,Wallet,https://x.com/TokenPocket_TP,https://www.tokenpocket.pro/,https://cdn.prod.website-files.com/669ade140a683001b9f7fd78/67bebce3648677a1ce11c01c_token%20pocket%20banner.webp,TokenPocket is the world's leading multi-chain self-custodial wallet.,No,
TownSquare,https://cdn.prod.website-files.com/669ade140a683001b9f7fd78/67b91b27b9188e59b9aa8b6a_TowneSquare_logo.webp,Infra,"Account,Abstraction",https://x.com/TownSquarexyz,https://www.townsq.xyz/,https://cdn.prod.website-files.com/669ade140a683001b9f7fd78/685c77d9b431fd4907b839da_townsequare%20cover.webp,"Modular money market &amp; yield layer for next-gen onchain assets &amp; RWAs, with crosschain interoperability",Yes,
Tread.fi,https://cdn.prod.website-files.com/669ade140a683001b9f7fd78/67b91b30048c532f61e36d82_Tread.fi_logo.webp,App,DeFi,https://x.com/tread_fi,http://www.tread.fi,https://cdn.prod.website-files.com/669ade140a683001b9f7fd78/67b91b306e9a2707acfed0ec_Tread.fi_banner.webp,"Exchange aggregator and algorithmic trading platform, standardizing and elevating institutional and retail trading experiences.",No,
Triton One,https://cdn.prod.website-files.com/669ade140a683001b9f7fd78/67b91b39c1a6a111c72292a6_Triton%20One_logo.webp,Infra,RPC,https://x.com/triton_one,https://triton.one,https://cdn.prod.website-files.com/669ade140a683001b9f7fd78/67b91b386e9a2707acfed6da_Triton%20One_banner.webp,"Triton One is a bare-metal RPC service provider for high-throughput blockchains. Build, iterate, and ship faster with Triton.",No,
Turnkey,https://cdn.prod.website-files.com/669ade140a683001b9f7fd78/67b91b43d821392f19422bcd_Turnkey_logo.webp,Infra,"Account,Abstraction",https://x.com/turnkeyhq,https://www.turnkey.com/,https://cdn.prod.website-files.com/669ade140a683001b9f7fd78/67b91b4189130464ea45b135_Turnkey_banner.webp,"Modular, secure, scalable enterprise-grade wallet OS for building non-custodial embedded wallets, automating backend transactions, &amp; more.",No,
TypeX,https://cdn.prod.website-files.com/669ade140a683001b9f7fd78/687816493ef8c9bbd2bf4fe8_typex%20logo%20_400x400.webp,App,DeFi,https://x.com/TypeXKeyboard,https://typex.cc/,https://cdn.prod.website-files.com/669ade140a683001b9f7fd78/6878164627c80485c2deaaed_typex%20background%201500x500%20(1).webp,"TypeX is a keyboard app that transforms user input value into on-chain assets, offering a seamless trading experience.",No,
Uniswap,https://cdn.prod.website-files.com/669ade140a683001b9f7fd78/67b91b5f48ee25af9be38700_Uniswap%20Wallet_logo.webp,App,DeFi,https://x.com/Uniswap,https://app.uniswap.org/,https://cdn.prod.website-files.com/669ade140a683001b9f7fd78/67b91b5ec0e02b5b7bf473df_Uniswap%20Wallet_banner.webp,The largest onchain marketplace. Buy and sell crypto on Monad and 11+ other chains.,No,
Uniswap Wallet,https://cdn.prod.website-files.com/669ade140a683001b9f7fd78/67b91b5f48ee25af9be38700_Uniswap%20Wallet_logo.webp,Infra,Wallet,https://x.com/Uniswap,https://wallet.uniswap.org,https://cdn.prod.website-files.com/669ade140a683001b9f7fd78/67b91b5ec0e02b5b7bf473df_Uniswap%20Wallet_banner.webp,"The Uniswap Wallet is self-custody crypto wallet built for swapping. It lets you buy crypto, browse NFTs, explore Web3 apps, and swap tokens",No,
Unmarshal,https://cdn.prod.website-files.com/669ade140a683001b9f7fd78/67b91b7db9188e59b9aac1e1_Unmarshal_logo.webp,Infra,Indexer,https://x.com/unmarshalAI,https://unmarshal.ai,https://cdn.prod.website-files.com/669ade140a683001b9f7fd78/67b91b7c0238916836891d8d_Unmarshal_banner.webp,"UnmarshalAI is a leading decentralized multi-chain data network, enabling Web3 projects to access accurate, real-time blockchain data.",No,
Valor Quest,https://cdn.prod.website-files.com/669ade140a683001b9f7fd78/6834a1e5bc93ee52da7849c0_6834a1646afb796987d92c9d_Logo.webp,App,Gaming,https://x.com/valorquestgame,https://t.me/ValorQuestBot,https://cdn.prod.website-files.com/669ade140a683001b9f7fd78/6834a1e83865425985bf4d07_6834a1646afb796987d92ca0_Banner.webp,"The No.1 Mythic-themed AFK game on Telegram with NFTs, mining, and epic battles.",Yes,
Web3Auth,https://cdn.prod.website-files.com/669ade140a683001b9f7fd78/67b91b9211a6f589667ebd18_Web3Auth_logo.webp,Infra,"Account,Abstraction",https://x.com/web3auth,https://web3auth.io/,https://cdn.prod.website-files.com/669ade140a683001b9f7fd78/67b91b9183477f8bd77fc9b5_Web3Auth_banner.webp,"Web3Auth simplifies Web3 access with social logins, customisable wallet UI &amp; advanced security, with non-custodial MPC wallet management.",No,
Winks.fun,https://cdn.prod.website-files.com/669ade140a683001b9f7fd78/67b91ba36561ec94bfa7abfa_Winks.fun_logo.webp,Infra,"Other,Infra",https://x.com/winksdotfun,https://www.winks.fun,https://cdn.prod.website-files.com/669ade140a683001b9f7fd78/67b91ba473996311555169aa_Winks.fun_banner.webp,"Winks enable end-to-end on-chain actions within social media apps, without any middleware!",No,
Wonad,https://cdn.prod.website-files.com/669ade140a683001b9f7fd78/6883e31ceeab028ff508564a_logowonad.webp,App,Social,https://x.com/thiswonad,https://www.thiswonad.xyz/,https://cdn.prod.website-files.com/669ade140a683001b9f7fd78/6883e31ceeab028ff508564d_IMG_4396.webp,First Plant to Earn project on Monad. Offering a way to create real-world impact while earning rewards,Yes,
Wormhole,https://cdn.prod.website-files.com/669ade140a683001b9f7fd78/67b91bb383812f23336ed80b_Wormhole_logo.webp,Infra,Cross-Chain,https://x.com/wormhole,https://wormhole.com/,https://cdn.prod.website-files.com/669ade140a683001b9f7fd78/67b91bb483477f8bd77fdb6c_Wormhole_banner.webp,Wormhole is a generic message-passing protocol designed to enable secure and efficient communication between different blockchains.,No,
X2C,https://cdn.prod.website-files.com/669ade140a683001b9f7fd78/6893d9cb3aa0c3e58d29e9c6_x2c-icon.webp,App,Gaming,https://x.com/PlayFlappyTrump,https://flappytrump.x2c.fun/,https://cdn.prod.website-files.com/669ade140a683001b9f7fd78/6893d9cb3aa0c3e58d29e9c9_x2c-banner.webp,X2C is where degens play to win. Users skill up in ultra-casual games for token rewards.,No,
XL,https://cdn.prod.website-files.com/669ade140a683001b9f7fd78/67b91bbfa00e125f94a40849_XL_logo.webp,App,DeFi,https://x.com/xldotfun,https://testnet.xl.fun/monad,https://cdn.prod.website-files.com/669ade140a683001b9f7fd78/67b91bc08f00b5fa4aba1835_XL_banner.webp,"XL is a memecoin launchpad enabling easy, low-cost token creation across various networks.",No,
Yamata,https://cdn.prod.website-files.com/669ade140a683001b9f7fd78/68ceb78045702f6c824d8099_xpfp.webp,App,DeFi,https://x.com/yamataexchange,https://yamata.io,https://cdn.prod.website-files.com/669ade140a683001b9f7fd78/68ceb78045702f6c824d809c_xbanner.webp,"Yamata is full-stack DeFi: advanced CLOB trading, perps, options, vaults &amp; predictions - all fast, all trustless, all under one roof.",Yes,
YieldKingZ,https://cdn.prod.website-files.com/669ade140a683001b9f7fd78/67b91bd2c1a6a111c7231095_YieldKingZ_logo.webp,App,Gaming,https://x.com/Yieldkingz,https://test-monad.yieldkingz.io/,https://cdn.prod.website-files.com/669ade140a683001b9f7fd78/67bd6833bb5faf1829906fb5_yieldkingz.webp,"YieldKingZ: A Web3 Game-Fi casino featuring yield farming, sustainable tokenomics, and Club-Fi for community-driven finance.",No,https://mitosis.yieldkingz.io/
Zapry,https://cdn.prod.website-files.com/669ade140a683001b9f7fd78/67c4e8357ff1995988316264_zapry%20(1).webp,App,AI,https://x.com/0xZapry,https://www.zapry.net/,https://cdn.prod.website-files.com/669ade140a683001b9f7fd78/67c4e8387809fd04396e8084_zapry.webp,Zapry is a one-stop web3 entrance that incubates viral trends and offers one-step crypto transfers.,No,
Zerion,https://cdn.prod.website-files.com/669ade140a683001b9f7fd78/67b91be5a00e125f94a41d09_Zerion_logo.webp,Infra,Indexer,https://x.com/zerion,https://zerion.io/api,https://cdn.prod.website-files.com/669ade140a683001b9f7fd78/67b91be4d9acff489824abbf_Zerion_banner.webp,"Build feature-rich crypto apps, wallets, protocols and supercharge your product using Zerion API!",No,
ZeroDev,https://cdn.prod.website-files.com/669ade140a683001b9f7fd78/67b91bef84cbdc367d67b771_ZeroDev_logo.webp,Infra,"Account,Abstraction",https://x.com/zerodev_app,https://zerodev.app,https://cdn.prod.website-files.com/669ade140a683001b9f7fd78/67b91bee11a6f589667eefe5_ZeroDev_banner.webp,"The most powerful smart account development platform. Build Web3 experiences without gas, confirmations, seed phrases, and bridging.",No,
Zona,https://cdn.prod.website-files.com/669ade140a683001b9f7fd78/67c4e6ee0af49276106f1b75_zona%20logo.webp,App,DeFi,https://x.com/zona_io,https://www.zona.finance/,https://cdn.prod.website-files.com/669ade140a683001b9f7fd78/67c4e6f2fb2041fb4c035f17_zona.webp,"Zona is building scalable infra for composable RWA tokens. We let users mint, speculate, and earn yield on real estate Index Tokens.",No,
dFusion AI,https://cdn.prod.website-files.com/669ade140a683001b9f7fd78/68cebe8f33d4d7940f9a4dfb_dfusion%20logo%20.webp,App,AI,https://x.com/dfusionai,https://www.dfusion.ai,https://cdn.prod.website-files.com/669ade140a683001b9f7fd78/68cebe9400e8d42c392200cd_dfusion%20ai%20background.webp,"dFusion unlocks private and domain specific data into enriched, curated datasets - fueling accurate, next-gen AI models.",No,
,,,,,,,,,
,,,,,,,,,
NOT IN ECO DIR,,,,,,,,,
NadXBT,https://pbs.twimg.com/profile_images/1925020110844264451/YSXqPvRR_400x400.jpg,App,AI,https://x.com/nadxbt,https://nadxbt.fun/,NONE,"NADXBT is an AI lab on Monad creating powerful autonomous agents with DeepSeek AI, enabling effortless AI deployment and management via $NADXBT tokens.",Yes,